1691392224680000000,1.01737,-0.0393375,-0.742287,0.999854,-0.0136983,-0.0101934,-0.000649616
1691392225018989312,1.01747,-0.0394073,-0.738692,0.999852,-0.0138034,-0.0102841,-0.000637026
1691392225018989312,1.01737,-0.0393375,-0.742287,0.999854,-0.0136983,-0.0101934,-0.000649616
1691392225346777856,1.01737,-0.0393375,-0.742287,0.999854,-0.0136983,-0.0101934,-0.000649616
1691392225463043584,1.01768,-0.0396621,-0.738701,0.999849,-0.0139392,-0.0103972,-0.000638401
1691392225572539648,1.01774,-0.0397202,-0.738615,0.999848,-0.0139743,-0.0104256,-0.000638365
1691392225681747200,1.01779,-0.0397763,-0.73854,0.999847,-0.0140063,-0.0104533,-0.000638287
1691392225790134016,1.01737,-0.0393375,-0.742287,0.999854,-0.0136983,-0.0101934,-0.000649616
1691392225898586880,1.01737,-0.0393375,-0.742287,0.999854,-0.0136983,-0.0101934,-0.000649616
1691392226006703104,1.01785,-0.0398379,-0.738614,0.999846,-0.0140353,-0.0104842,-0.000638492
1691392226115264000,1.01737,-0.0393375,-0.742287,0.999854,-0.0136983,-0.0101934,-0.000649616
1691392226231726592,1.0179,-0.0398895,-0.738483,0.999846,-0.0140691,-0.0105145,-0.000638208
1691392226340033792,1.01737,-0.0393375,-0.742287,0.999854,-0.0136983,-0.0101934,-0.000649616
1691392226448555776,1.01792,-0.0399035,-0.738514,0.999845,-0.0140729,-0.0105219,-0.000638085
1691392226556893952,1.01737,-0.0393375,-0.742287,0.999854,-0.0136983,-0.0101934,-0.000649616
1691392226673577728,1.01737,-0.0393375,-0.742287,0.999854,-0.0136983,-0.0101934,-0.000649616
1691392226781832192,1.01791,-0.0398912,-0.738608,0.999846,-0.0140643,-0.0105167,-0.000638454
1691392226890182912,1.01737,-0.0393375,-0.742287,0.999854,-0.0136983,-0.0101934,-0.000649616
1691392226998590464,1.01792,-0.0398955,-0.738607,0.999846,-0.0140665,-0.0105198,-0.000638521
1691392227106857984,1.01793,-0.0399122,-0.738538,0.999845,-0.0140801,-0.0105306,-0.000638549
1691392227223546112,1.01737,-0.0393375,-0.742287,0.999854,-0.0136983,-0.0101934,-0.000649616
1691392227331890176,1.01737,-0.0393375,-0.742287,0.999854,-0.0136983,-0.0101934,-0.000649616
1691392227440248320,1.01792,-0.0398949,-0.738623,0.999846,-0.0140659,-0.0105204,-0.000638523
1691392227548646656,1.01737,-0.0393375,-0.742287,0.999854,-0.0136983,-0.0101934,-0.000649616
1691392227656865792,1.01737,-0.0393375,-0.742287,0.999854,-0.0136983,-0.0101934,-0.000649616
1691392227773566976,1.01737,-0.0393375,-0.742287,0.999854,-0.0136983,-0.0101934,-0.000649616
1691392227881932800,1.01737,-0.0393375,-0.742287,0.999854,-0.0136983,-0.0101934,-0.000649616
1691392227990246144,1.01788,-0.039855,-0.738752,0.999846,-0.0140417,-0.0104986,-0.000638761
1691392228098590720,1.01737,-0.0393375,-0.742287,0.999854,-0.0136983,-0.0101934,-0.000649616
1691392228206828032,1.01738,-0.0393613,-0.742112,0.999854,-0.0137058,-0.0101971,-0.000650541
1691392228315243776,1.01738,-0.039384,-0.742143,0.999854,-0.0137068,-0.0101938,-0.000651573
1691392228423510784,1.01739,-0.0393795,-0.742195,0.999854,-0.013693,-0.0101957,-0.000652789
1691392228531887872,1.01791,-0.0399006,-0.738704,0.999846,-0.0140402,-0.0105009,-0.000642505
1691392228648538624,1.01793,-0.0399429,-0.738639,0.999846,-0.0140551,-0.0105124,-0.000643356
1691392228756854016,1.01741,-0.0394478,-0.742271,0.999854,-0.0136962,-0.0101898,-0.000657268
1691392228865211648,1.01796,-0.0399941,-0.738643,0.999846,-0.0140572,-0.0105144,-0.000646337
1691392228973541888,1.12866,-0.0675646,-0.736408,0.999786,-0.0149761,-0.0115625,-0.00835305
1691392229090314496,1.24936,-0.0739512,-0.731485,0.99975,-0.0164318,-0.0126048,-0.0084223
1691392229198566912,1.24922,-0.0746218,-0.728859,0.999744,-0.0168446,-0.0125276,-0.00841883
1691392229306888192,1.43554,-0.0853313,-0.740893,0.999748,-0.0188789,-0.00853649,-0.00862304
1691392229415263744,1.50885,-0.0898871,-0.746476,0.999746,-0.019781,-0.00633546,-0.00873719
1691392229523722240,1.57104,-0.0938253,-0.750965,0.99974,-0.0205449,-0.00454066,-0.0088427
1691392229632030720,1.62323,-0.0961845,-0.754912,0.999741,-0.0207655,-0.00277767,-0.008896
1691392229748614144,1.67,-0.0976483,-0.758682,0.999746,-0.0206905,-0.00092599,-0.00894306
1691392229856892160,1.70629,-0.098846,-0.761558,0.999747,-0.0206291,0.000518892,-0.00898112
1691392229956154368,1.73026,-0.0997242,-0.7634,0.999746,-0.0206045,0.00144926,-0.00900641
1691392230065788160,1.72987,-0.0995361,-0.761467,0.999747,-0.0205412,0.00164259,-0.0090105
1691392230189290752,1.78507,-0.102319,-0.767558,0.999741,-0.0205585,0.00354493,-0.00906073
1691392230297538816,1.80282,-0.102717,-0.769001,0.999739,-0.0205472,0.00421039,-0.00907366
1691392230405890304,1.80291,-0.102476,-0.766585,0.999741,-0.0204649,0.00415936,-0.00907265
1691392230514223616,1.81785,-0.102778,-0.767531,0.999739,-0.0204437,0.00465201,-0.00908311
1691392230622670080,1.83031,-0.103048,-0.768294,0.999737,-0.0204349,0.00504994,-0.00909174
1691392230739213824,1.84929,-0.103772,-0.772341,0.99973,-0.0205233,0.00593857,-0.00911049
1691392230847589120,1.85599,-0.104336,-0.77281,0.999728,-0.0205217,0.0061799,-0.00921231
1691392230955934976,1.8594,-0.106059,-0.77299,0.999724,-0.0205211,0.00630247,-0.00956855
1691392231064268288,1.86006,-0.105766,-0.770069,0.999728,-0.0204196,0.00596158,-0.00956154
1691392231172730880,1.8685,-0.111368,-0.770353,0.999709,-0.0204127,0.00618986,-0.0112703
1691392231280921344,2.00984,-0.194576,-0.780739,0.999071,-0.0203984,0.0113121,-0.0362416
1691392231389255680,2.0109,-0.194101,-0.777213,0.999081,-0.0202004,0.0107842,-0.0362284
1691392231497621504,2.1482,-0.260164,-0.783803,0.998227,-0.0202802,0.0150144,-0.0539095
1691392231614403584,2.3237,-0.290035,-0.78782,0.998095,-0.0222655,0.0156354,-0.0553738
1691392231722870016,2.66223,-0.335022,-0.798142,0.998056,-0.0241517,0.0153555,-0.0553717
1691392231831171840,2.66481,-0.334874,-0.793573,0.998077,-0.0241029,0.0140825,-0.0553437
1691392231939499008,2.91121,-0.366235,-0.800918,0.998063,-0.0247582,0.0134654,-0.0554637
1691392232047905280,3.00919,-0.378098,-0.801494,0.99807,-0.0247597,0.0126126,-0.0555357
1691392232164569088,3.01063,-0.37775,-0.79726,0.998083,-0.0246469,0.0119239,-0.055509
1691392232272945408,3.14374,-0.393971,-0.798297,0.998083,-0.0247286,0.0110183,-0.0556496
1691392232381624576,3.51262,-0.442238,-0.806486,0.998043,-0.0263508,0.010179,-0.055785
1691392232489585920,3.51325,-0.442175,-0.802642,0.998045,-0.0264002,0.00989595,-0.0557741
1691392232598382592,3.75863,-0.475416,-0.808387,0.997997,-0.0279321,0.0102175,-0.0558331
1691392232714709760,4.38546,-0.552488,-0.839329,0.997897,-0.0278236,0.0161818,-0.0562684
1691392232822923264,4.3848,-0.551809,-0.837034,0.997898,-0.02754,0.0165701,-0.0562819
1691392232931280384,4.74607,-0.59536,-0.853071,0.99784,-0.0273586,0.0194044,-0.0564885
1691392233039622656,5.12502,-0.640303,-0.867753,0.997833,-0.0270892,0.0199523,-0.0565367
1691392233156295424,6.03994,-0.749797,-0.907138,0.997804,-0.0264462,0.0210401,-0.0569574
1691392233264624896,6.04097,-0.749629,-0.903597,0.997816,-0.0264165,0.0205779,-0.056946
1691392233372987648,6.53268,-0.814229,-0.9499,0.997533,-0.0273957,0.0300254,-0.0572432
1691392233481339392,7.01117,-0.885517,-0.991545,0.997105,-0.0319854,0.0382757,-0.0573979
1691392233589705984,7.47843,-0.950531,-1.01438,0.997162,-0.0343319,0.0343551,-0.0575249
1691392233706355200,8.28992,-1.17139,-1.04723,0.994779,-0.0409189,0.0282729,-0.0891073
1691392233814790912,8.29132,-1.17064,-1.04337,0.994809,-0.0406152,0.0276888,-0.0890948
1691392233923017472,8.87205,-1.56531,-1.02005,0.984742,-0.0434533,0.0133319,-0.167983
1691392234031498752,9.18598,-1.69682,-0.971981,0.983918,-0.0489489,-0.00487693,-0.171715
1691392234148045568,9.47593,-1.78866,-0.919258,0.984157,-0.050621,-0.0247168,-0.168114
1691392234256480512,9.6918,-1.84579,-0.880892,0.98429,-0.047837,-0.0385022,-0.165537
1691392234364775936,9.86024,-1.89738,-0.853352,0.98433,-0.048132,-0.0451527,-0.163523
1691392234481393152,10.0048,-1.94958,-0.831474,0.984326,-0.0506857,-0.0478421,-0.161998
1691392234589737728,10.1158,-1.98559,-0.81727,0.984447,-0.0504123,-0.048449,-0.16117
1691392234698071808,10.1979,-2.01104,-0.80787,0.984519,-0.049031,-0.0481691,-0.16124
1691392234806416384,10.2905,-2.03947,-0.797488,0.984595,-0.0474364,-0.0479905,-0.161308
1691392234923088384,10.4242,-2.0805,-0.782475,0.984681,-0.0454192,-0.0480367,-0.161346
1691392235031424256,10.5537,-2.12056,-0.767856,0.984752,-0.0436144,-0.0481961,-0.161366
1691392235139751936,10.6992,-2.16239,-0.757007,0.984984,-0.0403015,-0.0468496,-0.161204
1691392235248410624,10.8719,-2.20952,-0.748165,0.985332,-0.0353531,-0.0441815,-0.160994
1691392235364773888,11.0589,-2.26517,-0.741993,0.985706,-0.031859,-0.039635,-0.160619
1691392235473122304,11.2119,-2.31964,-0.743588,0.986013,-0.0318686,-0.0328649,-0.160256
1691392235581487872,11.3405,-2.36521,-0.748143,0.986269,-0.0313293,-0.0260913,-0.160034
1691392235689791744,11.4738,-2.40925,-0.755327,0.9865,-0.0294135,-0.0186503,-0.160013
1691392235798321920,11.6202,-2.45394,-0.759948,0.986633,-0.0263335,-0.0133859,-0.16026
1691392235906502400,11.7574,-2.49483,-0.763097,0.986722,-0.0232879,-0.00926273,-0.16047
1691392236023166976,11.9001,-2.5415,-0.764541,0.986746,-0.0219428,-0.00597284,-0.160674
1691392236131470592,12.0515,-2.59738,-0.763555,0.986717,-0.0232789,-0.00407261,-0.160718
1691392236239878400,12.2033,-2.65369,-0.761645,0.986684,-0.024741,-0.00300397,-0.160726
1691392236348282624,12.3656,-2.71095,-0.757477,0.98666,-0.0255876,-0.00351153,-0.160734
1691392236464859648,12.5671,-2.78901,-0.745824,0.986546,-0.029638,-0.00573392,-0.160675
1691392236573182976,12.753,-2.85953,-0.733082,0.986429,-0.0327061,-0.00844034,-0.160679
1691392236681701376,12.9343,-2.92145,-0.71634,0.986335,-0.0334372,-0.0129514,-0.160805
1691392236789891072,13.1303,-2.98764,-0.697473,0.986215,-0.0340438,-0.0180057,-0.160924
1691392236898500096,13.3345,-3.05741,-0.678275,0.986069,-0.0349442,-0.0228756,-0.161006
1691392237014887424,13.5699,-3.14907,-0.659773,0.985844,-0.0398325,-0.0247945,-0.160964
1691392237123222016,13.5679,-3.15094,-0.658193,0.985807,-0.0410356,-0.0239164,-0.161026
1691392237231546880,14.0215,-3.32387,-0.656284,0.985744,-0.0443813,-0.0149943,-0.1616
1691392237340082176,14.2529,-3.40637,-0.660752,0.985769,-0.0435833,-0.00778389,-0.162171
1691392237448258304,14.2508,-3.40589,-0.659896,0.985774,-0.0435577,-0.00672819,-0.162196
1691392237556617984,14.512,-3.5112,-0.651981,0.985504,-0.048718,-0.00312396,-0.162476
1691392237673302016,15.071,-3.71327,-0.617316,0.985243,-0.0522598,-0.0105387,-0.162649
1691392237781598976,15.0745,-3.71261,-0.611639,0.985258,-0.0519098,-0.0123708,-0.162542
1691392237889936896,15.5049,-3.87324,-0.586552,0.984962,-0.0566294,-0.0158806,-0.162452
1691392237998276096,15.6778,-3.93258,-0.578134,0.98501,-0.0561369,-0.0158309,-0.162337
1691392238106785792,15.6773,-3.93041,-0.576198,0.985067,-0.0551103,-0.0154113,-0.16238
1691392238223284736,15.9517,-4.01889,-0.570602,0.985311,-0.0525723,-0.0140396,-0.161867
1691392238331623680,16.0691,-4.05443,-0.566503,0.985453,-0.0506503,-0.0137382,-0.161642
1691392238439960576,16.2183,-4.09958,-0.5609,0.98561,-0.0482678,-0.0135194,-0.161433
1691392238548297728,16.3976,-4.15331,-0.55536,0.985796,-0.0452343,-0.0129015,-0.161227
1691392238665117184,16.6256,-4.22439,-0.551157,0.985959,-0.0422322,-0.0113289,-0.161164
1691392238773303040,16.6254,-4.223,-0.54988,0.985989,-0.0415698,-0.0110909,-0.161169
1691392238881758208,16.8788,-4.30045,-0.544448,0.986082,-0.0373385,-0.0105916,-0.161667
1691392238990232576,17.4825,-4.54289,-0.529901,0.983454,-0.0245438,-0.00986867,-0.179217
1691392239098461440,17.4831,-4.5435,-0.526945,0.983441,-0.0248478,-0.0102767,-0.179222
1691392239214995712,18.2431,-4.80784,-0.52708,0.983747,-0.0146181,-0.00482988,-0.178901
1691392239323341312,18.5778,-4.93191,-0.540493,0.98386,-0.0128085,0.00269889,-0.178458
1691392239431698176,18.5744,-4.93384,-0.543291,0.983834,-0.0141146,0.00427962,-0.178474
1691392239540165120,18.8709,-5.04465,-0.560338,0.983811,-0.0117268,0.0109362,-0.178488
1691392239648395776,19.3563,-5.22607,-0.583799,0.983705,-0.00946879,0.0171013,-0.178724
1691392239765119488,19.5611,-5.30754,-0.59215,0.98368,-0.0105963,0.0181692,-0.178694
1691392239873382144,19.7211,-5.36696,-0.599754,0.983629,-0.00960235,0.0185234,-0.178994
1691392239981738240,19.7217,-5.36692,-0.598553,0.983635,-0.00953055,0.0182188,-0.178993
1691392240090048256,19.9331,-5.52514,-0.611878,0.979081,-0.00862993,0.0197128,-0.202329
1691392240198431232,19.9329,-5.52532,-0.610562,0.979078,-0.00875282,0.0198173,-0.20233
1691392240315041024,20.0557,-5.67826,-0.621128,0.972827,-0.00893687,0.0215088,-0.230357
1691392240423556864,20.0556,-5.67831,-0.61909,0.972824,-0.00898697,0.0215807,-0.230361
1691392240531926784,20.1299,-5.78131,-0.626685,0.968331,-0.00902194,0.0226596,-0.248476
1691392240648408320,20.13,-5.78134,-0.624135,0.968329,-0.00905196,0.0226846,-0.248481
1691392240756764672,20.1724,-5.84476,-0.629833,0.965486,-0.00904247,0.0233337,-0.25925
1691392240865082368,20.1725,-5.84478,-0.626971,0.965485,-0.00905636,0.0233206,-0.259256
1691392240973642496,20.1883,-5.86534,-0.627968,0.964669,-0.00904252,0.0235501,-0.262254
1691392241081772800,20.3489,-5.9645,-0.641791,0.96436,-0.00840318,0.025515,-0.263228
1691392241198436608,20.4639,-6.03072,-0.648727,0.964337,-0.00737833,0.0260618,-0.263288
1691392241306786816,20.4645,-6.03079,-0.645282,0.964345,-0.00735142,0.0258081,-0.263286
1691392241415197440,20.6473,-6.13882,-0.658681,0.964334,-0.00692519,0.0261041,-0.263305
1691392241523496448,20.6479,-6.13923,-0.655065,0.964341,-0.00706952,0.0258304,-0.263304
1691392241632108800,20.7344,-6.18935,-0.658476,0.964354,-0.00666249,0.0252993,-0.263318
1691392241748507904,20.8126,-6.23433,-0.661439,0.964367,-0.00626392,0.0247815,-0.26333
1691392241856839424,20.9434,-6.31,-0.670263,0.964383,-0.00551788,0.0240649,-0.263353
1691392241965195520,21.0179,-6.35302,-0.673123,0.964392,-0.00514673,0.0235678,-0.263376
1691392242073512192,21.0986,-6.39886,-0.676804,0.964381,-0.00437998,0.0231374,-0.263465
1691392242181864704,21.2026,-6.46846,-0.682382,0.963546,-0.0032666,0.0227835,-0.266549
1691392242298523648,21.202,-6.46875,-0.679722,0.963536,-0.00350982,0.0231529,-0.266552
1691392242407071232,21.3337,-6.58525,-0.693081,0.961094,-0.00457988,0.0254923,-0.275003
1691392242515478528,21.7035,-6.82454,-0.73257,0.960883,-0.00464623,0.0316679,-0.275098
1691392242623632640,21.9024,-6.98285,-0.753575,0.958378,-0.00425237,0.0358111,-0.283215
1691392242740228352,22.0835,-7.17996,-0.768181,0.95236,-0.00502313,0.0365971,-0.30273
1691392242848627712,22.0853,-7.18171,-0.76322,0.952404,-0.00566002,0.0355981,-0.302702
1691392242956957184,22.4107,-7.42701,-0.787641,0.951997,-0.00826858,0.0345309,-0.30404
1691392243065334528,22.4119,-7.42837,-0.783059,0.952024,-0.00881476,0.0339016,-0.304013
1691392243181969408,22.5402,-7.52198,-0.79278,0.951998,-0.00911771,0.0336679,-0.30411
1691392243290305280,22.7359,-7.66535,-0.81561,0.951931,-0.00911227,0.0352636,-0.304138
1691392243398628096,22.7359,-7.66543,-0.812377,0.951927,-0.00918166,0.0353647,-0.304138
1691392243506983168,22.8396,-7.74036,-0.823182,0.951881,-0.00876504,0.0365278,-0.304157
1691392243623679488,22.9549,-7.8236,-0.835084,0.951835,-0.00833572,0.0377894,-0.30416
1691392243731988480,23.2566,-8.02833,-0.861839,0.951835,-0.00422791,0.0372142,-0.304316
1691392243840412928,23.4424,-8.1481,-0.871501,0.951886,-0.000637511,0.0342561,-0.30453
1691392243948663296,23.6542,-8.29272,-0.877977,0.952089,-0.000158655,0.0296801,-0.304377
1691392244057208576,23.6549,-8.29548,-0.872307,0.952106,-0.00140567,0.0290437,-0.304383
1691392244173692928,24.0876,-8.59498,-0.884357,0.952495,-0.0012743,0.019801,-0.303907
1691392244282060288,24.2931,-8.73104,-0.890608,0.952537,0.00119677,0.016821,-0.303955
1691392244390371584,24.2939,-8.7306,-0.88652,0.952537,0.00154879,0.0166206,-0.303966
1691392244498854656,24.4852,-8.86301,-0.89421,0.952545,0.00225777,0.0161257,-0.303961
1691392244607076096,24.8961,-9.16288,-0.912308,0.95251,0.00012015,0.0162701,-0.304072
1691392244723755520,25.1171,-9.32488,-0.91915,0.952504,-0.00139725,0.0160128,-0.304102
1691392244832030720,25.3012,-9.45996,-0.924808,0.952502,-0.00269801,0.0156965,-0.304115
1691392244940399872,25.4616,-9.57776,-0.929557,0.9525,-0.00374673,0.0156492,-0.304113
1691392245048711168,25.5947,-9.68469,-0.933122,0.951669,-0.00429023,0.0154658,-0.306707
1691392245165423616,25.595,-9.68468,-0.928946,0.95167,-0.00424417,0.0153665,-0.30671
1691392245273852672,25.6953,-9.81106,-0.928652,0.947079,-0.00408399,0.0137995,-0.320679
1691392245382073088,25.8304,-10,-0.931575,0.939879,-0.00384244,0.0113873,-0.341295
1691392245490430976,25.8971,-10.0555,-0.931546,0.939786,-0.00360254,0.010468,-0.341584
1691392245607092736,25.897,-10.0558,-0.927812,0.939784,-0.00377811,0.0105181,-0.341586
1691392245715658752,25.9776,-10.1698,-0.931002,0.935661,-0.00357832,0.00905611,-0.352766
1691392245823826176,25.9774,-10.1699,-0.927546,0.935655,-0.00369911,0.00917627,-0.352777
1691392245932158720,26.0141,-10.2024,-0.92774,0.935511,-0.00328725,0.00876734,-0.353172
1691392246040526080,26.0372,-10.222,-0.927349,0.935606,-0.00333998,0.00846163,-0.352928
1691392246157158144,26.0574,-10.2412,-0.926828,0.935429,-0.00344739,0.0081391,-0.353405
1691392246265493504,26.1912,-10.3574,-0.927313,0.935647,-0.00405089,0.00587389,-0.352864
1691392246373851648,26.264,-10.4211,-0.925593,0.935733,-0.00453413,0.00462626,-0.352648
1691392246482178816,26.264,-10.4212,-0.922057,0.935722,-0.00459941,0.00463629,-0.352678
1691392246590568192,26.4636,-10.5899,-0.922426,0.935779,-0.00345365,0.00197108,-0.352565
1691392246707251200,26.4638,-10.5895,-0.918993,0.935778,-0.0032359,0.00197193,-0.35257
1691392246815532544,26.693,-10.7823,-0.919185,0.935811,-0.00170342,-0.000798335,-0.352497
1691392246923908352,26.6934,-10.782,-0.915609,0.93581,-0.00146802,-0.000950817,-0.352501
1691392247032240384,26.9411,-10.9947,-0.918484,0.935821,-0.000453888,-0.00190051,-0.35247
1691392247140624384,26.9406,-10.9945,-0.915182,0.935821,-0.000467277,-0.00159153,-0.352471
1691392247257216256,27.2005,-11.223,-0.919613,0.93582,-0.000277296,-0.00085884,-0.352476
1691392247365562112,27.2002,-11.2228,-0.916139,0.93582,-0.000256028,-0.00069297,-0.352477
1691392247473900288,27.3294,-11.3364,-0.916504,0.935823,-0.000132252,-0.0002854,-0.35247
1691392247582569216,27.462,-11.4531,-0.916576,0.935821,-9.90517e-05,8.26385e-06,-0.352475
1691392247699416320,27.7322,-11.6921,-0.919326,0.935816,-0.00069149,-0.000117747,-0.352489
1691392247807247104,27.8532,-11.7994,-0.918746,0.935812,-0.00101378,-0.000227673,-0.352499
1691392247915591424,27.8532,-11.7995,-0.914844,0.935812,-0.00104189,-0.00025696,-0.352497
1691392248024017408,28.0755,-11.9953,-0.917708,0.935806,-0.00130796,-0.000510726,-0.352512
1691392248132845312,28.0757,-11.9952,-0.913824,0.935807,-0.00122052,-0.000581562,-0.352511
1691392248248919552,28.3227,-12.2093,-0.915689,0.935794,-0.000618456,-0.00136439,-0.352545
1691392248357282048,28.4497,-12.3196,-0.914703,0.935791,-0.00034065,-0.001683,-0.352552
1691392248465636608,28.4496,-12.3196,-0.911016,0.93579,-0.000333109,-0.00166228,-0.352555
1691392248582355456,28.5996,-12.4507,-0.909106,0.935791,-0.000438728,-0.00212739,-0.352549
1691392248690806016,28.7945,-12.6224,-0.90569,0.935816,-0.000952348,-0.00293585,-0.352475
1691392248799014656,29.0091,-12.8084,-0.902244,0.93581,-0.000484939,-0.00388971,-0.352483
1691392248907318784,29.2453,-13.0125,-0.89854,0.935807,0.000118204,-0.00490769,-0.352478
1691392249015689728,29.6798,-13.3922,-0.899429,0.935829,0.000600354,-0.00447416,-0.352426
1691392249132324096,29.8727,-13.5613,-0.899086,0.935846,0.000812117,-0.00376367,-0.352388
1691392249240681216,30.0245,-13.6944,-0.89878,0.935857,0.000980823,-0.00323252,-0.352364
1691392249349065984,30.1794,-13.8301,-0.898212,0.935854,0.00115339,-0.00290774,-0.352374
1691392249457352960,30.3473,-13.9773,-0.89721,0.935852,0.00116619,-0.00288009,-0.35238
1691392249574052608,30.5203,-14.1289,-0.89606,0.935856,0.00117076,-0.00293529,-0.352368
1691392249682342144,30.5204,-14.1289,-0.892393,0.935855,0.00118703,-0.00299549,-0.352371
1691392249790717440,30.8557,-14.4178,-0.892364,0.935847,0.00240097,-0.00399474,-0.352376
1691392249899011072,31.0193,-14.5582,-0.89101,0.935852,0.00311576,-0.00437504,-0.352352
1691392250015842048,31.0192,-14.5582,-0.88733,0.935848,0.00309859,-0.00438061,-0.352363
1691392250124031488,31.199,-14.7152,-0.884378,0.93588,0.00290471,-0.00493233,-0.352272
1691392250232504576,31.5698,-15.0358,-0.882538,0.935905,0.00365059,-0.00602297,-0.352181
1691392250340721408,31.5699,-15.0357,-0.878692,0.935904,0.00374393,-0.00608263,-0.352183
1691392250449315072,31.7785,-15.2155,-0.875343,0.935902,0.00429034,-0.00685435,-0.352169
1691392250557456896,31.9846,-15.3952,-0.872649,0.935904,0.00434803,-0.00688173,-0.352161
1691392250674076416,32.1932,-15.5776,-0.871592,0.935906,0.00456829,-0.00632694,-0.352163
1691392250782414336,32.4132,-15.7699,-0.870752,0.935918,0.00479957,-0.00565663,-0.35214
1691392250890811648,32.8079,-16.1147,-0.87285,0.935926,0.00522363,-0.00473278,-0.352125
1691392251007432704,32.8078,-16.1147,-0.869102,0.935926,0.00520372,-0.0047253,-0.352125
1691392251115766272,33.0155,-16.2963,-0.867687,0.935934,0.0051709,-0.00467441,-0.352108
1691392251224160512,33.4024,-16.6386,-0.867874,0.935918,0.00404554,-0.00461838,-0.352165
1691392251332459776,33.5961,-16.8085,-0.865568,0.935902,0.00385218,-0.00489505,-0.352206
1691392251449193216,33.81,-16.9964,-0.86248,0.935883,0.00348715,-0.00535349,-0.352253
1691392251557455872,33.8101,-16.9965,-0.858509,0.935882,0.00344804,-0.00547457,-0.352256
1691392251666208256,34.0084,-17.1722,-0.855568,0.935891,0.00270686,-0.00556256,-0.352235
1691392251774430464,34.4192,-17.5331,-0.853616,0.935886,0.00221297,-0.00596257,-0.352245
1691392251882561024,34.4191,-17.533,-0.849842,0.935887,0.00224748,-0.0059334,-0.352244
1691392251990832896,34.843,-17.904,-0.849656,0.935892,0.00241824,-0.00553329,-0.352236
1691392252107538176,34.8427,-17.9037,-0.846438,0.935893,0.00253194,-0.00534356,-0.352236
1691392252215916032,35.0748,-18.1069,-0.845634,0.935896,0.00279755,-0.00465024,-0.352235
1691392252324224256,35.492,-18.4717,-0.847492,0.935907,0.0032079,-0.00377615,-0.352213
1691392252432724736,35.7056,-18.6578,-0.84563,0.935906,0.00338277,-0.00400334,-0.352212
1691392252549184000,35.9261,-18.85,-0.843518,0.93591,0.00351404,-0.00432212,-0.352196
1691392252657671424,35.9263,-18.8501,-0.839758,0.93591,0.00348904,-0.0044297,-0.352195
1691392252766071808,36.345,-19.2186,-0.840397,0.935914,0.00291705,-0.00421124,-0.352191
1691392252874391808,36.5472,-19.3988,-0.839254,0.935704,0.00277916,-0.00397009,-0.352754
1691392252990930176,36.7466,-19.6052,-0.837457,0.933108,0.00280392,-0.0040107,-0.359563
1691392253099302400,36.7466,-19.6053,-0.833761,0.933109,0.0027576,-0.00405934,-0.359561
1691392253207574272,36.9571,-19.7979,-0.831345,0.932995,0.00231617,-0.00421555,-0.359856
1691392253316141312,37.3596,-20.164,-0.831421,0.932998,0.00177336,-0.00423743,-0.359852
1691392253432596224,37.542,-20.3289,-0.83141,0.933011,0.00199669,-0.00370863,-0.359822
1691392253540944128,37.687,-20.462,-0.831571,0.932841,0.00220631,-0.00321763,-0.360266
1691392253649363712,37.7902,-20.5976,-0.831868,0.9292,0.00240958,-0.00279086,-0.36956
1691392253757848576,37.8601,-20.7289,-0.832233,0.923433,0.00260892,-0.00243991,-0.383743
1691392253866307584,37.9414,-20.8191,-0.832516,0.922696,0.00260186,-0.00209993,-0.385514
1691392253982648320,37.9413,-20.8191,-0.829253,0.922697,0.00257621,-0.00206517,-0.385512
1691392254091028224,38,-20.9146,-0.829436,0.919542,0.00248514,-0.00187763,-0.392979
1691392254199314944,38.0644,-21.0661,-0.833353,0.912153,0.00241234,-0.00165559,-0.40984
1691392254307903488,38.1024,-21.1136,-0.833467,0.911757,0.00235489,-0.00155909,-0.410721
1691392254416077056,38.125,-21.1614,-0.833616,0.909769,0.00232802,-0.00147851,-0.415106
1691392254532735232,38.1386,-21.2091,-0.833777,0.906873,0.0023115,-0.00140883,-0.421397
1691392254641039872,38.1578,-21.2396,-0.833861,0.906173,0.00228506,-0.00134912,-0.4229
1691392254749370112,38.1771,-21.263,-0.833913,0.90617,0.00225852,-0.00129886,-0.422905
1691392254857933568,38.19,-21.2781,-0.833934,0.906185,0.00224338,-0.00127282,-0.422873
1691392254974654208,38.1977,-21.2871,-0.833941,0.906195,0.00222904,-0.00125817,-0.422852
1691392255082713344,38.2243,-21.3185,-0.833982,0.90627,0.00217582,-0.00119614,-0.422691
1691392255191116544,38.2643,-21.3666,-0.834098,0.906266,0.0021238,-0.00108727,-0.422702
1691392255299620608,38.2643,-21.3666,-0.830538,0.906267,0.00212501,-0.00107612,-0.4227
1691392255407772416,38.303,-21.4132,-0.830584,0.906266,0.00198197,-0.000927653,-0.422701
1691392255524542976,38.4305,-21.5671,-0.83546,0.906238,0.00179091,-0.000271872,-0.422764
1691392255632776192,38.5046,-21.6606,-0.836567,0.905835,0.00179438,0.000159753,-0.423627
1691392255741139456,38.555,-21.7604,-0.837498,0.902418,0.00168075,0.000509477,-0.430858
1691392255849460224,38.555,-21.7604,-0.834063,0.902419,0.00169145,0.000526498,-0.430856
1691392255957836288,38.6634,-21.9052,-0.839021,0.901621,0.00156959,0.00107546,-0.432523
1691392256074874112,38.6634,-21.9052,-0.835456,0.901623,0.00157787,0.00105933,-0.432519
1691392256182870784,38.7436,-22.0164,-0.83987,0.900672,0.00153474,0.00136983,-0.434495
1691392256291206912,38.7657,-22.0634,-0.840191,0.898962,0.00152182,0.00148278,-0.438021
1691392256400001024,38.7919,-22.0973,-0.840465,0.898933,0.00151456,0.00157889,-0.43808
1691392256516168960,38.8118,-22.1306,-0.840694,0.898246,0.00150232,0.00165724,-0.439488
1691392256624525824,38.8215,-22.1604,-0.840875,0.8967,0.00149284,0.00172046,-0.442632
1691392256733302784,38.8215,-22.1603,-0.837412,0.896702,0.00150801,0.00170301,-0.442628
1691392256841443584,38.835,-22.1815,-0.83748,0.896381,0.00150361,0.00175816,-0.443278
1691392256949717504,38.8486,-22.2016,-0.84117,0.896228,0.00144522,0.00183346,-0.443588
1691392257066218240,38.8487,-22.2016,-0.837572,0.896228,0.00145867,0.00180492,-0.443587
1691392257174585856,38.8814,-22.2468,-0.837821,0.89606,0.00133037,0.00195308,-0.443926
1691392257282971904,38.9473,-22.3346,-0.838319,0.896038,0.0011346,0.0021402,-0.443971
1691392257391255552,39.0413,-22.459,-0.838884,0.896023,0.000955804,0.00216999,-0.444002
1691392257499647232,39.2498,-22.7339,-0.844051,0.896022,0.000657631,0.00214106,-0.444004
1691392257616278528,39.3477,-22.8629,-0.845031,0.896032,0.000577921,0.00227182,-0.443984
1691392257724642560,39.4258,-22.9662,-0.846913,0.896034,0.000628698,0.00274383,-0.443977
1691392257833135616,39.4897,-23.0563,-0.849046,0.895509,0.000872259,0.00323925,-0.445031
1691392257941555968,39.4896,-23.056,-0.845811,0.895509,0.000966338,0.00335616,-0.445029
1691392258057968128,39.526,-23.1448,-0.847433,0.891928,0.00111942,0.00376304,-0.452159
1691392258166518784,39.5578,-23.225,-0.848862,0.888711,0.00126075,0.00411461,-0.458449
1691392258274703616,39.5949,-23.2788,-0.849986,0.888578,0.00139542,0.00437864,-0.458703
1691392258391556352,39.6171,-23.3298,-0.850877,0.886837,0.00149092,0.00459693,-0.462057
1691392258499704064,39.6293,-23.3798,-0.851638,0.883987,0.00156326,0.00478745,-0.467485
1691392258608137216,39.649,-23.412,-0.852248,0.883704,0.00163399,0.00493227,-0.468017
1691392258716388864,39.6645,-23.4392,-0.852745,0.88332,0.00169292,0.0050514,-0.46874
1691392258824940800,39.6725,-23.4648,-0.853133,0.882109,0.00173383,0.00514847,-0.471013
1691392258941407488,39.6834,-23.4833,-0.853469,0.881925,0.00177353,0.00522734,-0.471358
1691392259049745920,39.6921,-23.5001,-0.853763,0.881601,0.00181129,0.00529842,-0.471963
1691392259158295296,39.6955,-23.5141,-0.853953,0.880825,0.00182877,0.00534891,-0.473409
1691392259266446080,39.6982,-23.5201,-0.854031,0.880652,0.00184059,0.0053694,-0.47373
1691392259383074560,39.7393,-23.594,-0.859608,0.879646,0.00198732,0.00568082,-0.475591
1691392259491442432,39.7394,-23.594,-0.855611,0.879647,0.00199989,0.00568676,-0.475588
1691392259600110080,39.8957,-23.8355,-0.864146,0.879615,0.00195882,0.00657974,-0.475636
1691392259708150272,40.0106,-24.0123,-0.8666,0.8796,0.00174888,0.00657061,-0.475666
1691392259825008384,40.1603,-24.2439,-0.869033,0.879585,0.00106912,0.00643958,-0.475697
1691392259933110784,40.3045,-24.4939,-0.871431,0.877351,0.000353442,0.00628851,-0.479808
1691392260041639168,40.3048,-24.4941,-0.867384,0.877356,0.000330155,0.00614891,-0.4798
1691392260149787648,40.4499,-24.7366,-0.869406,0.8762,-0.000225675,0.00584504,-0.481912
1691392260258328064,40.592,-24.9643,-0.871643,0.876168,-0.000924206,0.00598292,-0.481967
1691392260374905600,40.8353,-25.4047,-0.879969,0.872091,-0.00213293,0.00645537,-0.489297
1691392260483185408,40.8354,-25.4046,-0.876173,0.872092,-0.00209269,0.00649443,-0.489295
1691392260591567872,40.9307,-25.5832,-0.878371,0.87037,-0.00220468,0.00673945,-0.492348
1691392260699939328,41.0961,-25.8612,-0.886051,0.870348,-0.00234818,0.00713328,-0.49238
1691392260816583680,41.1609,-25.9717,-0.888139,0.870349,-0.00256378,0.00761918,-0.492369
1691392260924948480,41.1607,-25.9716,-0.884683,0.87035,-0.00259693,0.00775475,-0.492366
1691392261033393408,41.2155,-26.0647,-0.886976,0.870338,-0.00262449,0.00829688,-0.492378
1691392261141622272,41.3749,-26.3331,-0.898358,0.870256,-0.0020755,0.00974816,-0.492499
1691392261250081536,41.375,-26.333,-0.894781,0.870257,-0.00201903,0.00975714,-0.492497
1691392261366623744,41.6225,-26.7492,-0.909268,0.870177,-0.00147901,0.0115436,-0.492602
1691392261475152128,41.6225,-26.7494,-0.905447,0.870178,-0.00158909,0.0115075,-0.492602
1691392261583278592,41.7501,-26.9654,-0.909679,0.870176,-0.00195942,0.0117668,-0.492597
1691392261691680256,42.0219,-27.4206,-0.92179,0.870154,-0.00234959,0.0113548,-0.492644
1691392261800118528,42.1491,-27.6346,-0.925718,0.870161,-0.00263808,0.0112417,-0.492633
1691392261916680192,42.1493,-27.6348,-0.921902,0.870162,-0.00269682,0.0111418,-0.492632
1691392262025028608,42.3058,-28.0335,-0.931596,0.859176,-0.00297937,0.0111215,-0.511551
1691392262133344512,42.3143,-28.2065,-0.932889,0.846637,-0.00323021,0.0110544,-0.532046
1691392262241735424,42.3144,-28.2065,-0.929227,0.846637,-0.00322846,0.0110187,-0.532046
1691392262350148096,42.3077,-28.479,-0.934462,0.825444,-0.00364199,0.0109225,-0.564366
1691392262466716160,42.3306,-28.5817,-0.935624,0.822569,-0.0036928,0.0109065,-0.568549
1691392262575084800,42.3588,-28.6572,-0.936727,0.822568,-0.00369022,0.0109059,-0.568551
1691392262684047872,42.3802,-28.7148,-0.937564,0.822572,-0.00368908,0.0109044,-0.568545
1691392262791805184,42.3989,-28.7641,-0.938276,0.822647,-0.00369168,0.0109013,-0.568435
1691392262908451328,42.4327,-28.8548,-0.939593,0.82262,-0.00369296,0.010898,-0.568475
1691392263017044224,42.4808,-28.9835,-0.941478,0.822599,-0.00368781,0.0108993,-0.568506
1691392263125121536,42.5434,-29.153,-0.943798,0.822565,-0.00395108,0.0110198,-0.56855
1691392263233473024,42.6197,-29.3627,-0.947298,0.822509,-0.00450968,0.0116038,-0.568616
1691392263341877760,42.6196,-29.3626,-0.943851,0.822513,-0.00453564,0.0116942,-0.568608
1691392263458487296,42.7094,-29.6085,-0.948161,0.822439,-0.00492731,0.0123084,-0.568698
1691392263566803200,42.8954,-30.1145,-0.961709,0.822328,-0.00531142,0.0136396,-0.568825
1691392263675159040,42.8953,-30.1144,-0.958264,0.822328,-0.00533442,0.0137468,-0.568823
1691392263783507712,42.9692,-30.3194,-0.962014,0.822338,-0.00606764,0.0144495,-0.568784
1691392263891916288,43.1051,-30.6942,-0.972499,0.822352,-0.00708166,0.0153488,-0.568728
1691392264008505600,43.1831,-30.9076,-0.976305,0.822365,-0.0076337,0.015705,-0.568692
1691392264117059584,43.2493,-31.0881,-0.979853,0.822347,-0.00788552,0.0159925,-0.568707
1691392264225164800,43.2495,-31.088,-0.976472,0.82235,-0.0078169,0.0159799,-0.568704
1691392264333618688,43.3087,-31.249,-0.979872,0.822316,-0.00788274,0.0162606,-0.568744
1691392264450231552,43.4449,-31.6195,-0.99145,0.822219,-0.00807875,0.0169399,-0.568861
1691392264558588672,43.4451,-31.6195,-0.987873,0.822223,-0.00804749,0.0169169,-0.568857
1691392264666977024,43.5622,-31.9387,-0.998285,0.822163,-0.00821192,0.0174547,-0.568926
1691392264775307008,43.6136,-32.0772,-1.00113,0.822156,-0.00820141,0.0174603,-0.568935
1691392264891955968,43.6771,-32.2479,-1.0046,0.822141,-0.00819472,0.0174363,-0.568958
1691392265000314880,43.6773,-32.248,-1.00105,0.822142,-0.0081807,0.0173813,-0.568958
1691392265108619008,43.791,-32.555,-1.01085,0.822141,-0.00819493,0.0174023,-0.568959
1691392265216954112,43.8383,-32.6823,-1.01344,0.822141,-0.00819464,0.0173962,-0.56896
1691392265325376000,43.8895,-32.8204,-1.01626,0.822127,-0.00819261,0.0173936,-0.568979
1691392265441995520,43.9479,-32.9778,-1.01948,0.822125,-0.00819016,0.0173975,-0.568983
1691392265550637824,43.9981,-33.1131,-1.02224,0.822125,-0.00819201,0.0173939,-0.568982
1691392265658850304,43.9983,-33.1131,-1.01878,0.822125,-0.00818473,0.0173829,-0.568982
1691392265767154432,44.0426,-33.2328,-1.02113,0.822126,-0.00818885,0.0173868,-0.568981
1691392265883708928,44.0808,-33.336,-1.02315,0.822127,-0.00818713,0.0173884,-0.56898
1691392265992026112,44.1155,-33.4299,-1.02499,0.822127,-0.00818469,0.0173867,-0.56898
1691392266100365312,44.1646,-33.5639,-1.0314,0.822127,-0.00819235,0.0173916,-0.568979
1691392266208753152,44.1648,-33.5639,-1.02771,0.822127,-0.0081891,0.0173879,-0.568979
1691392266317098240,44.1986,-33.6567,-1.03328,0.822127,-0.00819151,0.0173919,-0.568979
1691392266433723136,44.212,-33.6938,-1.03402,0.822127,-0.00819257,0.0173908,-0.568979
1691392266542052864,44.2224,-33.7218,-1.03459,0.822167,-0.00819076,0.0173932,-0.568922
1691392266650380544,44.2348,-33.7427,-1.0352,0.823044,-0.00816315,0.017406,-0.567652
1691392266758749696,44.2489,-33.7572,-1.03582,0.824557,-0.0081183,0.0174268,-0.565452
1691392266867357696,44.2605,-33.7681,-1.03633,0.82585,-0.00807805,0.0174457,-0.563562
1691392266983747584,44.2671,-33.7783,-1.03665,0.826321,-0.00806284,0.0174538,-0.562871
1691392267092074240,44.2708,-33.786,-1.03684,0.826426,-0.00805717,0.0174522,-0.562717
1691392267200787456,44.2709,-33.7861,-1.0334,0.826426,-0.00805779,0.017455,-0.562717
1691392267308827904,44.2779,-33.7938,-1.03715,0.827125,-0.00803723,0.0174617,-0.561689
1691392267425573376,44.2796,-33.7955,-1.03723,0.827317,-0.00803272,0.0174663,-0.561406
1691392267533781760,44.2798,-33.7955,-1.03376,0.827317,-0.00803017,0.0174672,-0.561406
1691392267642384384,44.2792,-33.7953,-1.03721,0.827287,-0.00803317,0.0174657,-0.56145
1691392267750471680,44.2778,-33.7945,-1.03716,0.827196,-0.00803657,0.0174649,-0.561584
1691392267867207424,44.279,-33.7959,-1.03721,0.827375,-0.00803248,0.0174657,-0.56132
1691392267975526400,44.2802,-33.7974,-1.03727,0.827549,-0.00802374,0.0174689,-0.561064
1691392268084087296,44.2806,-33.7984,-1.03729,0.827638,-0.00802044,0.0174704,-0.560933
1691392268192200192,44.286,-33.8036,-1.03752,0.828288,-0.00800293,0.0174779,-0.559973
1691392268300634624,44.2984,-33.8154,-1.03807,0.829682,-0.00795848,0.0175004,-0.557905
1691392268417193472,44.315,-33.8312,-1.0388,0.83159,-0.00790014,0.017526,-0.555058
1691392268525549056,44.3527,-33.8652,-1.04043,0.835641,-0.00777463,0.0175789,-0.54894
1691392268634234368,44.3528,-33.8652,-1.03706,0.835641,-0.00776634,0.0175876,-0.54894
1691392268742398720,44.4531,-33.9511,-1.0448,0.845931,-0.00743311,0.0177307,-0.532946
1691392268850685696,44.4924,-33.9876,-1.04651,0.849428,-0.007321,0.0177726,-0.527355
1691392268967234304,44.4925,-33.9876,-1.04308,0.849427,-0.00731495,0.0177828,-0.527355
1691392269075633920,44.5193,-34.0373,-1.04432,0.849847,-0.00729844,0.0177871,-0.526678
1691392269184137984,44.5407,-34.0813,-1.04533,0.849847,-0.00729727,0.0177879,-0.526679
1691392269300634368,44.5762,-34.155,-1.05075,0.849847,-0.00730536,0.0177809,-0.526679
1691392269408936192,44.5763,-34.1551,-1.04713,0.849847,-0.00730095,0.0177875,-0.526679
1691392269517293312,44.5915,-34.1888,-1.05156,0.849761,-0.00730466,0.0177841,-0.526818
1691392269625608960,44.6036,-34.2169,-1.05217,0.849424,-0.00732094,0.0177705,-0.527361
1691392269742309888,44.6364,-34.2846,-1.05386,0.849409,-0.00731642,0.0177767,-0.527385
1691392269850675456,44.6726,-34.3592,-1.05571,0.849409,-0.00731577,0.0177803,-0.527385
1691392269959010304,44.7214,-34.4591,-1.05816,0.849392,-0.00732587,0.0177649,-0.527412
1691392270067699712,44.7875,-34.5963,-1.06213,0.849369,-0.00749199,0.0181056,-0.527436
1691392270184028160,44.8754,-34.7795,-1.06823,0.849336,-0.00766764,0.0188574,-0.527459
1691392270292411904,44.9595,-34.9518,-1.07496,0.849303,-0.00724599,0.019558,-0.527493
1691392270400704512,45.0353,-35.1074,-1.08128,0.849268,-0.00682409,0.0202567,-0.527529
1691392270509559808,45.1032,-35.248,-1.08736,0.849216,-0.00653895,0.0211071,-0.527583
1691392270617377792,45.1772,-35.4019,-1.094,0.84915,-0.00629479,0.0220625,-0.527653
1691392270726021888,45.2522,-35.5596,-1.10036,0.849118,-0.00653581,0.0229659,-0.527663
1691392270834359552,45.3232,-35.7085,-1.1061,0.849091,-0.00677503,0.0235195,-0.527679
1691392270950776320,45.4079,-35.8843,-1.11264,0.849049,-0.00695152,0.0238009,-0.527732
1691392271059097856,45.4081,-35.8844,-1.10933,0.849053,-0.00697924,0.0237209,-0.527728
1691392271167460864,45.4958,-36.0668,-1.1159,0.849033,-0.00732974,0.0240107,-0.527743
1691392271275864576,45.6581,-36.4066,-1.13136,0.849052,-0.00828917,0.0245607,-0.527673
1691392271392454912,45.7526,-36.6058,-1.13793,0.849025,-0.00914581,0.0248468,-0.527689
1691392271500882944,45.8445,-36.798,-1.14425,0.848994,-0.00968656,0.0249353,-0.527725
1691392271609113600,45.9318,-36.979,-1.14968,0.848963,-0.0100789,0.024722,-0.527777
1691392271717517312,45.9322,-36.9791,-1.14604,0.848971,-0.0100665,0.0245912,-0.527772
1691392271825853440,46.1273,-37.3853,-1.16193,0.848864,-0.011058,0.0244737,-0.527929
1691392271934330112,46.2421,-37.6243,-1.1693,0.848841,-0.0116066,0.0244712,-0.527953
1691392272051051520,46.2424,-37.6242,-1.16581,0.848842,-0.0115284,0.0244351,-0.527956
1691392272159234304,46.3803,-37.9092,-1.17527,0.848801,-0.0116131,0.0246158,-0.528011
1691392272267687680,46.5221,-38.2025,-1.18628,0.848751,-0.0115012,0.0252,-0.528067
1691392272376166912,46.799,-38.7736,-1.21227,0.848685,-0.0109108,0.0263219,-0.52813
1691392272484265216,46.7991,-38.7735,-1.20892,0.848683,-0.01086,0.0263792,-0.528132
1691392272592699648,47.0184,-39.2298,-1.22861,0.848673,-0.0114466,0.0266865,-0.528121
1691392272709349888,47.1122,-39.4235,-1.23482,0.84867,-0.0116438,0.0263795,-0.528136
1691392272817640192,47.1125,-39.4237,-1.23103,0.848675,-0.0116778,0.0262406,-0.528134
1691392272926168576,47.242,-39.6939,-1.24396,0.848662,-0.0120639,0.0262748,-0.528145
1691392273034321664,47.2983,-39.8115,-1.24851,0.848639,-0.0121322,0.0264464,-0.528172
1691392273142620672,47.2984,-39.8115,-1.2451,0.848639,-0.0121148,0.0264789,-0.528171
1691392273259264768,47.3676,-39.9562,-1.25081,0.848595,-0.0121145,0.0267568,-0.528226
1691392273367754496,47.5378,-40.3115,-1.26936,0.848505,-0.0119633,0.0277668,-0.528322
1691392273476005632,47.6108,-40.4657,-1.27628,0.84846,-0.0120404,0.0284829,-0.528356
1691392273584719616,47.6741,-40.6006,-1.28223,0.848423,-0.0122649,0.0290857,-0.528377
1691392273692658176,47.7173,-40.7212,-1.28649,0.846225,-0.0124967,0.0293466,-0.53187
1691392273801312768,47.7174,-40.7213,-1.28312,0.846228,-0.0125524,0.0293743,-0.531863
1691392273917995008,47.7279,-40.8337,-1.28498,0.83959,-0.0129347,0.0293553,-0.542273
1691392274025992960,47.776,-40.9982,-1.29346,0.836,-0.0131943,0.0295277,-0.547776
1691392274134344960,47.7989,-41.0538,-1.29558,0.835981,-0.0132438,0.02964,-0.547797
1691392274242784512,47.8119,-41.0879,-1.29681,0.83584,-0.0132758,0.0296995,-0.548008
1691392274351323904,47.8286,-41.1315,-1.29834,0.835594,-0.013407,0.0297828,-0.548375
1691392274459383296,47.859,-41.2058,-1.30114,0.83561,-0.0136546,0.0299751,-0.548335
1691392274567825152,47.8591,-41.2059,-1.2978,0.835608,-0.0136889,0.0300154,-0.548335
1691392274684420864,47.9338,-41.3914,-1.30814,0.835617,-0.0145744,0.0306706,-0.548262
1691392274792791808,47.9822,-41.5115,-1.31243,0.835609,-0.0152962,0.0311194,-0.548229
1691392274901273344,48.0372,-41.6464,-1.31752,0.835583,-0.0158801,0.0315739,-0.548226
1691392275009429248,48.0375,-41.6463,-1.31411,0.835586,-0.0158094,0.0315177,-0.548227
1691392275117787392,48.1049,-41.809,-1.31961,0.835551,-0.016338,0.0316972,-0.548255
1691392275226243072,48.2469,-42.15,-1.33604,0.835419,-0.0168495,0.0321224,-0.548415
1691392275342804224,48.3317,-42.3556,-1.34383,0.835345,-0.017465,0.03254,-0.548484
1691392275451139584,48.4103,-42.5468,-1.3511,0.8353,-0.0180725,0.0330116,-0.548505
1691392275559427072,48.4834,-42.7224,-1.35797,0.835257,-0.0182483,0.0333425,-0.548544
1691392275667780352,48.5608,-42.9062,-1.36509,0.83522,-0.0182438,0.0334672,-0.548593
1691392275776431616,48.5612,-42.9061,-1.36169,0.835223,-0.0181375,0.0333771,-0.548597
1691392275884570368,48.6488,-43.1174,-1.37089,0.835167,-0.018424,0.0340903,-0.54863
1691392276002029312,48.8344,-43.5618,-1.39638,0.835052,-0.0178041,0.0357113,-0.548722
1691392276109478400,48.9092,-43.7398,-1.40583,0.834992,-0.0172898,0.0364175,-0.548783
1691392276217964288,48.9095,-43.7395,-1.40277,0.834991,-0.0171455,0.0364777,-0.548785
1691392276326294528,48.9782,-43.9075,-1.4099,0.83495,-0.0176896,0.0370771,-0.54879
1691392276442844416,49.0514,-44.0898,-1.41661,0.834935,-0.0188772,0.0375595,-0.548741
1691392276551206144,49.1975,-44.4402,-1.43051,0.83493,-0.0201399,0.0360495,-0.548805
1691392276659552000,49.1983,-44.4405,-1.42643,0.834946,-0.0201596,0.0357537,-0.548799
1691392276767943936,49.3053,-44.6972,-1.43747,0.834931,-0.0210565,0.0345441,-0.548866
1691392276884885248,49.3483,-44.8035,-1.44082,0.834935,-0.0216369,0.0344942,-0.54884
1691392276992967680,49.371,-44.8892,-1.44271,0.832999,-0.02223,0.0345469,-0.551747
1691392277101270784,49.38,-44.9641,-1.44348,0.829621,-0.0228389,0.03453,-0.55679
1691392277209837824,49.3802,-44.9642,-1.43995,0.829621,-0.0228991,0.0345631,-0.556786
1691392277318405888,49.401,-45.0205,-1.44184,0.829542,-0.0230303,0.0346564,-0.556892
1691392277434708736,49.4285,-45.0964,-1.4482,0.829423,-0.0229467,0.034784,-0.557064
1691392277543010816,49.4288,-45.0963,-1.44465,0.829424,-0.0229182,0.0348063,-0.557064
1691392277651451392,49.4324,-45.123,-1.44503,0.828473,-0.0229419,0.0348214,-0.558474
1691392277759676672,49.4885,-45.3112,-1.45455,0.825859,-0.022877,0.035045,-0.562322
1691392277868090368,49.5479,-45.4677,-1.46046,0.825786,-0.0226884,0.0353225,-0.56242
1691392277984678144,49.5481,-45.4677,-1.45684,0.825787,-0.0226824,0.0353266,-0.562418
1691392278093007872,49.629,-45.6809,-1.46474,0.825697,-0.0225366,0.0356972,-0.562532
1691392278201388544,49.823,-46.1932,-1.48698,0.825557,-0.0226418,0.0362028,-0.562701
1691392278309786112,49.9282,-46.4709,-1.49734,0.825512,-0.022796,0.0364696,-0.562743
1691392278426496512,50.032,-46.7458,-1.50763,0.825424,-0.0228944,0.0367205,-0.562853
1691392278534739712,50.1164,-46.9703,-1.51376,0.825381,-0.0235575,0.036412,-0.562908
1691392278643188992,50.1979,-47.1899,-1.51839,0.825364,-0.0247825,0.0360166,-0.562905
1691392278751412224,50.2778,-47.4065,-1.52271,0.825392,-0.0262639,0.0356266,-0.562822
1691392278859857152,50.3499,-47.6023,-1.52665,0.82543,-0.0276078,0.0352503,-0.562726
1691392278976642560,50.4199,-47.7906,-1.531,0.825459,-0.0284358,0.0351098,-0.562651
1691392279084784128,50.4864,-47.9737,-1.53568,0.825444,-0.0293914,0.0357524,-0.562583
1691392279193103616,50.5514,-48.1525,-1.54048,0.82542,-0.0302112,0.0364712,-0.56253
1691392279301448704,50.5516,-48.1522,-1.53735,0.825421,-0.0301037,0.0365779,-0.562527
1691392279409780736,50.6614,-48.4539,-1.55096,0.825231,-0.0306039,0.0378933,-0.562691
1691392279518291456,50.6616,-48.4537,-1.54793,0.825232,-0.0304996,0.037995,-0.562688
1691392279634832896,50.7433,-48.6814,-1.5597,0.825045,-0.0307631,0.039206,-0.562865
1691392279743170048,50.7437,-48.6812,-1.55651,0.825052,-0.0306494,0.0392075,-0.562861
1691392279851565568,50.7901,-48.8097,-1.56111,0.824922,-0.0308422,0.0398816,-0.562994
1691392279960095232,50.8448,-48.963,-1.56587,0.824799,-0.0314463,0.0406753,-0.563084
1691392280076589312,50.8991,-49.1124,-1.56992,0.824713,-0.0318859,0.0410033,-0.563161
1691392280184865792,50.9531,-49.2577,-1.57316,0.824691,-0.0321863,0.0406659,-0.563201
1691392280293366272,50.9964,-49.3747,-1.57564,0.824681,-0.0325584,0.0403623,-0.563217
1691392280401585920,51.033,-49.4745,-1.57774,0.82467,-0.0328829,0.0401154,-0.563231
1691392280509919488,51.1034,-49.6224,-1.58659,0.827556,-0.0331173,0.0399127,-0.558982
1691392280618274304,51.1477,-49.668,-1.59035,0.832233,-0.0329047,0.0399541,-0.552005
1691392280726603776,51.1851,-49.703,-1.59369,0.836322,-0.0327466,0.040147,-0.545785
1691392280835041792,51.1856,-49.703,-1.58996,0.836324,-0.0327638,0.0400971,-0.545784
1691392280952342016,51.2155,-49.7304,-1.5926,0.839544,-0.03264,0.0403011,-0.54081
1691392281059930880,51.2576,-49.7683,-1.60025,0.843975,-0.0324404,0.0406257,-0.533858
1691392281168642816,51.2667,-49.7771,-1.60107,0.845003,-0.0324026,0.0406913,-0.532225
1691392281276649984,51.2671,-49.7771,-1.59739,0.845005,-0.0324273,0.0406563,-0.532224
1691392281385061120,51.2767,-49.788,-1.60193,0.84627,-0.0323544,0.040763,-0.530206
1691392281493375488,51.2771,-49.7881,-1.59827,0.846271,-0.0323829,0.0407384,-0.530205
1691392281601973248,51.3096,-49.8167,-1.6049,0.849844,-0.0322099,0.0409688,-0.524451
1691392281718310144,51.31,-49.8168,-1.60125,0.849845,-0.0322298,0.0409503,-0.52445
1691392281826940160,51.4292,-49.9108,-1.61596,0.861276,-0.031684,0.0416423,-0.505437
1691392281935400192,51.4296,-49.9108,-1.6123,0.861277,-0.0317124,0.0416194,-0.505434
1691392282043344128,51.4814,-49.9482,-1.61713,0.866125,-0.0313573,0.0419153,-0.49708
1691392282151822592,51.5364,-49.9866,-1.62233,0.87093,-0.0309374,0.0422202,-0.488612
1691392282268458496,51.6406,-50.0553,-1.63616,0.879692,-0.0301519,0.0427903,-0.472654
1691392282376764928,51.68,-50.08,-1.63995,0.882891,-0.0298587,0.0429916,-0.466651
1691392282485073664,51.6803,-50.0799,-1.63616,0.882891,-0.0298551,0.0429937,-0.466651
1691392282593350656,51.7033,-50.0949,-1.63832,0.884759,-0.0296745,0.0431153,-0.463101
1691392282702075904,51.7265,-50.11,-1.64049,0.886524,-0.0295115,0.0432286,-0.459713
1691392282810210048,51.805,-50.1562,-1.65205,0.892492,-0.0289405,0.0436169,-0.448016
1691392282926793984,51.8424,-50.1774,-1.65566,0.895247,-0.0286695,0.0437904,-0.442486
1691392283035362048,51.8858,-50.2007,-1.6599,0.898394,-0.0283588,0.0439919,-0.436061
1691392283143446528,51.8862,-50.2006,-1.65601,0.898394,-0.0283576,0.0439955,-0.436061
1691392283251966464,51.9759,-50.2463,-1.66873,0.904743,-0.0277028,0.0444079,-0.42273
1691392283360382720,52.0418,-50.2772,-1.67521,0.909152,-0.0272326,0.044696,-0.413163
1691392283476784896,52.0421,-50.2772,-1.67149,0.909152,-0.0272301,0.0447007,-0.413163
1691392283585246976,52.1625,-50.3289,-1.68716,0.91708,-0.0263511,0.0452232,-0.395253
1691392283693494528,52.1629,-50.3288,-1.68346,0.91708,-0.0263515,0.0452296,-0.395252
1691392283801905408,52.2327,-50.3565,-1.69034,0.921319,-0.0258554,0.0455128,-0.385267
1691392283910190080,52.3028,-50.3822,-1.69727,0.925492,-0.0253542,0.0457984,-0.375132
1691392284019045888,52.4236,-50.4222,-1.71322,0.932457,-0.024485,0.0462591,-0.357469
1691392284127014144,52.424,-50.4221,-1.70945,0.932457,-0.0244789,0.0462643,-0.35747
1691392284243562496,52.4735,-50.4377,-1.71438,0.935137,-0.0241267,0.0464583,-0.350399
1691392284351899392,52.5848,-50.4687,-1.72945,0.940981,-0.023335,0.0468513,-0.334388
1691392284460749056,52.6334,-50.4814,-1.73459,0.943424,-0.0230767,0.0471356,-0.327409
1691392284568577024,52.6334,-50.4815,-1.73107,0.943418,-0.023191,0.0472976,-0.327396
1691392284685264896,52.6986,-50.4974,-1.7389,0.946666,-0.0231559,0.0481244,-0.31776
1691392284793705728,52.8511,-50.5291,-1.76079,0.953825,-0.0229279,0.0497526,-0.295324
1691392284901940224,52.8511,-50.5292,-1.75734,0.953818,-0.0230523,0.0499195,-0.295311
1691392285010332416,52.9465,-50.5458,-1.7688,0.957917,-0.0230388,0.0509991,-0.281537
1691392285118617088,53.0397,-50.5591,-1.77999,0.961735,-0.0230172,0.0520055,-0.268014
1691392285227191808,53.2277,-50.5733,-1.80958,0.968794,-0.0210709,0.0544478,-0.240892
1691392285343619072,53.2276,-50.573,-1.80656,0.968786,-0.020988,0.0546813,-0.240881
1691392285443977984,53.3938,-50.576,-1.83367,0.974396,-0.0192263,0.0569762,-0.216648
1691392285560288256,53.4746,-50.5748,-1.84525,0.976872,-0.0184451,0.0581699,-0.204932
1691392285669387520,53.547,-50.5717,-1.85562,0.978998,-0.0177465,0.0592405,-0.194264
1691392285777051136,53.6047,-50.568,-1.86389,0.98065,-0.0171942,0.0600917,-0.185522
1691392285885370880,53.658,-50.5634,-1.87147,0.982107,-0.0166776,0.06084,-0.177444
1691392285994153472,53.7289,-50.5566,-1.88149,0.983896,-0.0160889,0.0617745,-0.166952
1691392286102774784,53.7934,-50.5496,-1.89032,0.985491,-0.015925,0.0624185,-0.157029
1691392286218722560,53.8573,-50.5413,-1.899,0.986984,-0.0158287,0.0629746,-0.147125
1691392286327068160,53.9166,-50.5329,-1.90712,0.988254,-0.0157322,0.0634901,-0.138112
1691392286435476224,53.9173,-50.5329,-1.90366,0.988266,-0.0157091,0.0633175,-0.138112
1691392286543759872,53.9619,-50.5259,-1.90967,0.989164,-0.015583,0.0636824,-0.131361
1691392286652113920,54.0176,-50.5156,-1.91685,0.990218,-0.0150862,0.0637268,-0.123206
1691392286760954624,54.0858,-50.5017,-1.92571,0.991426,-0.0144448,0.0637589,-0.113139
1691392286868857088,54.1522,-50.4868,-1.93437,0.9925,-0.0138255,0.0637955,-0.103353
1691392286977430528,54.3301,-50.4395,-1.96173,0.994924,-0.0121934,0.064005,-0.0766906
1691392287085523712,54.3307,-50.4395,-1.95804,0.994929,-0.0121747,0.0639358,-0.0766889
1691392287202173184,54.511,-50.3804,-1.98598,0.996681,-0.0105949,0.0642318,-0.0488805
1691392287310796288,54.5115,-50.3803,-1.98231,0.996684,-0.0105817,0.0641868,-0.0488785
1691392287419048704,54.5941,-50.3494,-1.99339,0.997233,-0.00983622,0.0642844,-0.0360116
1691392287527180800,54.6618,-50.3221,-2.0025,0.997566,-0.00921441,0.0643526,-0.025236
1691392287635508224,54.7847,-50.2673,-2.02309,0.997872,-0.00804862,0.0644926,-0.00533253
1691392287743907328,54.7852,-50.2672,-2.01934,0.997874,-0.00804427,0.0644619,-0.00532939
1691392287852217344,54.8837,-50.2177,-2.03662,0.997826,-0.00706042,0.0645515,0.0112886
1691392287960545280,54.8842,-50.2176,-2.03278,0.997827,-0.00705593,0.0645327,0.0112916
1691392288068999168,54.9374,-50.1896,-2.04005,0.997689,-0.00652825,0.0645604,0.020155
1691392288185582336,54.9826,-50.1645,-2.04624,0.997505,-0.00605208,0.064593,0.0278516
1691392288293866752,55.04,-50.1319,-2.05416,0.997191,-0.0054274,0.0646498,0.037443
1691392288402323712,55.1345,-50.0914,-2.0711,0.996729,-0.00473761,0.0647192,0.048163
1691392288510788096,55.135,-50.0913,-2.06722,0.99673,-0.00473307,0.0647107,0.0481647
1691392288618944512,55.1698,-50.088,-2.07175,0.99673,-0.00473349,0.0647137,0.048165
1691392288735609344,55.1877,-50.0863,-2.07406,0.996728,-0.00473249,0.0647178,0.0481831
1691392288843933440,55.2008,-50.0854,-2.07573,0.996739,-0.00474454,0.064716,0.0479587
1691392288952875520,55.312,-50.075,-2.09438,0.996741,-0.00475368,0.0647228,0.0479231
1691392289060841216,55.3125,-50.0749,-2.09048,0.996741,-0.00474955,0.0647174,0.0479248
1691392289177347072,55.3766,-50.069,-2.09869,0.996744,-0.0048281,0.0646626,0.0479264
1691392289285626368,55.4771,-50.0599,-2.11076,0.996766,-0.00498597,0.0643036,0.0479296
1691392289394252032,55.6834,-50.0403,-2.13899,0.996828,-0.00496448,0.0633594,0.047899
1691392289502328576,55.8066,-50.0285,-2.15331,0.996868,-0.004927,0.0627541,0.0478778
1691392289619055360,55.9335,-50.0179,-2.16719,0.996924,-0.00538409,0.0618316,0.0478643
1691392289727300352,55.9341,-50.0178,-2.16306,0.996928,-0.00537943,0.0617556,0.0478776
1691392289835690496,56.1654,-49.9994,-2.19151,0.997041,-0.00654129,0.0598019,0.0478482
1691392289944031232,56.2731,-49.9907,-2.20289,0.997092,-0.00704702,0.0588962,0.0478396
1691392290052869120,56.3899,-49.9815,-2.21526,0.997145,-0.00765093,0.0579363,0.0478268
1691392290160759296,56.3901,-49.9813,-2.21177,0.997141,-0.00757542,0.0580023,0.0478293
1691392290269479680,56.5092,-49.972,-2.22478,0.997167,-0.00827229,0.0574452,0.0478443
1691392290386052096,56.7918,-49.9496,-2.25937,0.997228,-0.0096737,0.0562229,0.0477749
1691392290494135296,56.7922,-49.9489,-2.25564,0.997228,-0.00940793,0.0562573,0.0477854
1691392290603400960,56.9719,-49.934,-2.27409,0.997269,-0.0100419,0.0554875,0.0476881
1691392290710811904,57.3817,-49.9008,-2.32018,0.997338,-0.0117892,0.0538993,0.0476666
1691392290827443200,57.382,-49.9007,-2.31644,0.997335,-0.0117708,0.0539522,0.0476743
1691392290936119296,57.7819,-49.8682,-2.36158,0.997393,-0.0133483,0.0525093,0.047672
1691392291044184576,57.9427,-49.8536,-2.37877,0.997395,-0.0133919,0.0524402,0.0476783
1691392291152630784,57.9427,-49.8533,-2.37514,0.997388,-0.0132539,0.0526181,0.0476698
1691392291269190400,58.2344,-49.8266,-2.41015,0.997391,-0.0132955,0.0525665,0.0476578
1691392291378006016,58.3637,-49.8148,-2.42407,0.997389,-0.0132746,0.0526061,0.0476513
1691392291485887488,58.4986,-49.8024,-2.43853,0.99739,-0.0132601,0.0526158,0.0476337
1691392291594402816,58.6364,-49.7893,-2.45368,0.997386,-0.0130591,0.0527574,0.0476195
1691392291702601216,58.6364,-49.7889,-2.45047,0.99738,-0.0129031,0.0529149,0.0476045
1691392291811187456,58.7853,-49.7735,-2.46778,0.997364,-0.0122864,0.0533951,0.0475705
1691392291927595520,59.0858,-49.7426,-2.50621,0.997333,-0.0111784,0.0542335,0.0475521
1691392292036247040,59.0859,-49.7424,-2.50286,0.997328,-0.0110673,0.0543532,0.0475394
1691392292144614400,59.2176,-49.7288,-2.51811,0.997312,-0.0105457,0.0547634,0.0475333
1691392292252677120,59.3426,-49.716,-2.53259,0.997296,-0.0100527,0.0551524,0.0475197
1691392292369317888,59.4627,-49.7036,-2.54651,0.997281,-0.00959587,0.0555225,0.0475028
1691392292477930496,59.5848,-49.6916,-2.56146,0.997248,-0.00944235,0.0560648,0.047583
1691392292586004736,59.6913,-49.6809,-2.57443,0.997232,-0.00910894,0.0563887,0.0475938
1691392292694367744,59.8866,-49.6609,-2.60199,0.997206,-0.00850476,0.0569304,0.0476173
1691392292810970112,59.9874,-49.6505,-2.6143,0.997191,-0.00815983,0.0572321,0.0476237
1691392292920230656,59.9878,-49.6504,-2.61058,0.997191,-0.00815711,0.0572365,0.0476191
1691392293028758528,60.0895,-49.6401,-2.6229,0.997177,-0.0078288,0.0575276,0.0476228
1691392293136880384,60.2937,-49.619,-2.65164,0.997146,-0.00713138,0.0581487,0.0476298
1691392293253988864,60.2942,-49.619,-2.64773,0.997147,-0.00717423,0.0581204,0.0476279
1691392293361787648,60.4081,-49.6066,-2.66274,0.99711,-0.00650075,0.0588548,0.0475878
1691392293470260224,60.6366,-49.5844,-2.69821,0.997016,-0.00631879,0.0604543,0.0475826
1691392293578517760,60.7589,-49.573,-2.71523,0.996967,-0.00639575,0.061248,0.0475774
1691392293687096320,60.7593,-49.5731,-2.71174,0.996966,-0.00648107,0.061263,0.0475824
1691392293803619840,60.8798,-49.5618,-2.72833,0.996918,-0.00652442,0.0620244,0.0475817
1691392293912179712,61.0192,-49.5487,-2.7475,0.996864,-0.00656712,0.0629043,0.0475702
1691392294020826112,61.2933,-49.5229,-2.78899,0.996755,-0.00663705,0.0646073,0.0475514
1691392294128535296,61.4341,-49.5098,-2.80732,0.996742,-0.00666754,0.0648351,0.047517
1691392294245622528,61.4351,-49.5098,-2.8033,0.996759,-0.00673934,0.0645591,0.0475298
1691392294353659136,61.721,-49.4845,-2.84349,0.996778,-0.00725015,0.0642147,0.0475146
1691392294461904640,61.7218,-49.4845,-2.8395,0.996788,-0.00729687,0.0640395,0.0475246
1691392294570695680,61.9794,-49.4618,-2.8762,0.996806,-0.00777227,0.0637214,0.0475108
1691392294678937344,62.0973,-49.4515,-2.89113,0.996817,-0.00800555,0.063522,0.0475054
1691392294795246336,62.2245,-49.4401,-2.90718,0.996832,-0.00819054,0.0632837,0.0474817
1691392294903724800,62.3359,-49.4301,-2.92094,0.996847,-0.00829673,0.0630492,0.0474573
1691392295011949312,62.3364,-49.43,-2.9169,0.99685,-0.00830665,0.0629973,0.0474639
1691392295120453376,62.4471,-49.4203,-2.93058,0.996859,-0.0084883,0.0628353,0.0474558
1691392295228770304,62.6582,-49.4018,-2.96086,0.996874,-0.0088229,0.0625632,0.0474287
1691392295345356288,62.7677,-49.3922,-2.97446,0.996883,-0.00900394,0.0624069,0.0474229
1691392295453731072,62.8726,-49.3826,-2.98788,0.996886,-0.00902768,0.0623861,0.0473859
1691392295562325504,62.975,-49.3736,-3.00154,0.996874,-0.00918534,0.0625585,0.0473802
1691392295670548736,62.9753,-49.3736,-2.99813,0.99687,-0.00922066,0.0626154,0.0473856
1691392295787100160,63.1939,-49.3543,-3.03101,0.996843,-0.00956884,0.0630021,0.0473606
1691392295895372800,63.1942,-49.3542,-3.02754,0.99684,-0.00955775,0.0630606,0.0473601
1691392296004038656,63.4199,-49.3336,-3.06166,0.996797,-0.00960041,0.0637384,0.0473363
1691392296112282368,63.4202,-49.3335,-3.05799,0.996794,-0.00958963,0.0637867,0.0473358
1691392296228666880,63.6736,-49.3101,-3.09597,0.996745,-0.00962598,0.0645574,0.0473123
1691392296337146880,63.674,-49.31,-3.09231,0.996744,-0.00962413,0.0645856,0.0473127
1691392296445367040,63.8095,-49.2973,-3.11049,0.996723,-0.00953691,0.064933,0.0472881
1691392296553944064,63.9642,-49.283,-3.13087,0.996723,-0.00950219,0.0649658,0.0472485
1691392296662350592,64.3722,-49.2433,-3.19022,0.996698,-0.00873818,0.0655427,0.0471225
1691392296778817792,64.3726,-49.2431,-3.1866,0.996698,-0.00870182,0.0655466,0.0471186
1691392296887270400,64.6492,-49.216,-3.22431,0.996679,-0.00816008,0.065969,0.0470452
1691392296995550976,65.2036,-49.1622,-3.30452,0.996626,-0.0073019,0.0669042,0.0469795
1691392297104153088,65.4916,-49.135,-3.34215,0.996656,-0.00712593,0.0664657,0.0469895
1691392297220619776,65.794,-49.1055,-3.3783,0.996763,-0.00656904,0.0649093,0.0469703
1691392297328876032,66.0547,-49.0805,-3.40902,0.996865,-0.00625257,0.0633616,0.0469664
1691392297437231104,66.2835,-49.0593,-3.43593,0.996958,-0.00627253,0.0618688,0.0469842
1691392297554044672,66.2845,-49.0595,-3.43188,0.996971,-0.0064416,0.0616368,0.0469956
1691392297662426368,66.4863,-49.0411,-3.45687,0.996977,-0.00653942,0.0614966,0.0470285
1691392297770694144,66.8395,-49.0078,-3.5053,0.996969,-0.00633736,0.06169,0.0469887
1691392297878753792,66.8397,-49.0076,-3.50173,0.996962,-0.00628922,0.0618076,0.0469831
1691392297987420672,67.0229,-48.9895,-3.52546,0.996944,-0.00591676,0.0621364,0.0469656
1691392298103984128,67.4384,-48.9485,-3.58307,0.996914,-0.00508945,0.0627619,0.046886
1691392298212204032,67.4387,-48.9484,-3.57942,0.996911,-0.00508011,0.0628095,0.0468834
1691392298320741888,67.686,-48.9243,-3.61168,0.996885,-0.0047322,0.063283,0.0468395
1691392298428979712,68.2532,-48.8665,-3.7101,0.996394,-0.0032972,0.0707669,0.0466971
1691392298537323776,68.2516,-48.8669,-3.70908,0.996332,-0.00342666,0.0716318,0.0466976
1691392298653999360,68.826,-48.8096,-3.81182,0.995741,-0.00257447,0.0794824,0.0466565
1691392298762190336,69.0695,-48.7863,-3.85093,0.995731,-0.00250239,0.0796046,0.0466633
1691392298870684416,69.0714,-48.7864,-3.84779,0.995791,-0.00261202,0.0788383,0.0466793
1691392298979232512,69.2796,-48.7668,-3.88074,0.995806,-0.00262205,0.0786354,0.0466949
1691392299087560448,69.4532,-48.7512,-3.90742,0.995836,-0.00298721,0.0782186,0.0467348
1691392299195605248,69.7117,-48.7534,-3.94779,0.996218,-0.00524835,0.0769981,0.0399281
1691392299304259072,69.7128,-48.7535,-3.94419,0.996239,-0.00535061,0.0766995,0.039949
1691392299420843776,69.8042,-48.7871,-3.95644,0.996693,-0.00713585,0.0761092,0.0275766
1691392299528891648,69.9285,-48.8122,-3.97707,0.996936,-0.00883979,0.0754772,0.018522
1691392299637466624,69.9641,-48.8119,-3.98207,0.99695,-0.00912705,0.0752622,0.0185102
1691392299745715712,69.9647,-48.8118,-3.9788,0.996953,-0.00910982,0.0752257,0.018521
1691392299854187776,69.9994,-48.8144,-3.98696,0.996979,-0.00950163,0.0750438,0.0176189
1691392299962493184,69.9999,-48.8142,-3.98376,0.996978,-0.00943965,0.0750651,0.0176259
1691392300079298560,70.0034,-48.8157,-3.9842,0.996987,-0.0095063,0.0750607,0.0170996
1691392300187804928,69.9894,-48.8099,-3.98561,0.996948,-0.00930479,0.0750994,0.0191836
1691392300295698688,69.9745,-48.8033,-3.9836,0.996897,-0.00899231,0.0751931,0.021491
1691392300404503552,69.9748,-48.803,-3.98038,0.996891,-0.00887815,0.0752841,0.0214939
1691392300520916224,69.9557,-48.7948,-3.97779,0.996818,-0.00846776,0.0754209,0.0243511
1691392300629064448,69.9329,-48.788,-3.97795,0.99675,-0.00825119,0.0754358,0.0270473
1691392300737562368,69.9331,-48.7876,-3.97478,0.996741,-0.00806494,0.0755707,0.0270423
1691392300845853440,69.9338,-48.7891,-3.97481,0.996753,-0.00810527,0.0755766,0.0265599
1691392300954215680,69.9352,-48.7908,-3.97496,0.996768,-0.00815254,0.0755764,0.0259902
1691392301071065600,69.9518,-48.8021,-3.98035,0.99687,-0.00884769,0.0753005,0.0223882
1691392301179080448,69.9519,-48.8016,-3.97719,0.99686,-0.0086119,0.0754658,0.0223812
1691392301287586560,69.9764,-48.8138,-3.9804,0.99695,-0.00915504,0.0753169,0.0182643
1691392301404361984,69.9882,-48.8207,-3.98191,0.996993,-0.00942964,0.0752448,0.0159226
1691392301512405504,70.0686,-48.8634,-3.99567,0.99715,-0.0115681,0.0745185,0.00243539
1691392301620877312,70.0687,-48.8629,-3.99252,0.99714,-0.011307,0.0746928,0.00242592
1691392301729502208,70.1653,-48.9146,-4.00761,0.997109,-0.0133447,0.073606,-0.0133518
1691392301837890048,70.1657,-48.9139,-4.00422,0.997108,-0.0130335,0.0736683,-0.0133452
1691392301945880064,70.2981,-48.9903,-4.02492,0.996593,-0.0153119,0.0726998,-0.0358173
1691392302062482176,70.298,-48.9899,-4.02209,0.996578,-0.0151347,0.072954,-0.0358048
1691392302170892288,70.4014,-49.0575,-4.03974,0.995749,-0.0168697,0.0724256,-0.0543433
1691392302279450624,70.4514,-49.0927,-4.04701,0.995193,-0.0179436,0.0725185,-0.0633223
1691392302387832576,70.4922,-49.1236,-4.05283,0.994648,-0.0189041,0.072604,-0.0710429
1691392302504366080,70.5552,-49.1712,-4.0618,0.993731,-0.02033,0.0727451,-0.0824207
1691392302612532480,70.5556,-49.1711,-4.05863,0.993728,-0.0203164,0.0728021,-0.0824125
1691392302720956160,70.6163,-49.2191,-4.06703,0.992697,-0.0217021,0.0728713,-0.0936537
1691392302829175808,70.7284,-49.3167,-4.08577,0.990304,-0.0244026,0.0729558,-0.115674
1691392302937814272,70.729,-49.3166,-4.08239,0.990307,-0.0243991,0.0729276,-0.115663
1691392303054307328,70.8111,-49.3907,-4.09345,0.988276,-0.0263673,0.072987,-0.131487
1691392303162533376,70.8905,-49.4663,-4.1045,0.985958,-0.0276327,0.0734323,-0.147417
1691392303271209984,71.0192,-49.6008,-4.12586,0.981397,-0.0296915,0.0742677,-0.174537
1691392303379219712,71.0199,-49.6008,-4.12227,0.981405,-0.0296974,0.0741651,-0.174535
1691392303487817728,71.0714,-49.6599,-4.12879,0.979314,-0.0309177,0.0742061,-0.185693
1691392303604340992,71.1382,-49.7452,-4.14084,0.976132,-0.0326525,0.0743336,-0.201432
1691392303712587776,71.1601,-49.7748,-4.14351,0.975,-0.0332358,0.0743471,-0.206744
1691392303821358080,71.1802,-49.8025,-4.14594,0.973919,-0.0337649,0.0743539,-0.211693
1691392303929247488,71.181,-49.8024,-4.14227,0.97393,-0.0337078,0.0742313,-0.211694
1691392304037872384,71.1914,-49.8188,-4.14333,0.973299,-0.0339414,0.0741549,-0.214566
1691392304154423808,71.2121,-49.8526,-4.14935,0.971951,-0.0344599,0.0740593,-0.220543
1691392304262657024,71.2129,-49.8525,-4.14567,0.97196,-0.0344155,0.0739652,-0.220543
1691392304371040000,71.2196,-49.8654,-4.14624,0.97143,-0.0345981,0.0738891,-0.222861
1691392304479282432,71.2298,-49.8814,-4.1472,0.970809,-0.0348429,0.0737771,-0.225552
1691392304587910656,71.2438,-49.9087,-4.15225,0.969674,-0.0353398,0.0736392,-0.230348
1691392304704649984,71.2569,-49.9298,-4.15345,0.968814,-0.0356975,0.0734653,-0.233941
1691392304812722176,71.2575,-49.9296,-4.14971,0.968817,-0.0356528,0.0734368,-0.233942
1691392304921496576,71.2759,-49.9633,-4.1551,0.967474,-0.0362476,0.0732182,-0.239414
1691392305029314560,71.2765,-49.963,-4.15146,0.967477,-0.0361858,0.073204,-0.239417
1691392305137962752,71.3079,-50.01,-4.15453,0.965517,-0.0369415,0.0728584,-0.247192
1691392305246044416,71.3661,-50.1049,-4.16371,0.961331,-0.0384587,0.07209,-0.262997
1691392305362746880,71.404,-50.1579,-4.1671,0.959212,-0.0390681,0.0715013,-0.270691
1691392305471207168,71.449,-50.19,-4.17252,0.959049,-0.0391572,0.0712448,-0.271321
1691392305579542272,71.4496,-50.1898,-4.16898,0.959052,-0.0391127,0.0712314,-0.271321
1691392305687998464,71.4889,-50.2162,-4.17371,0.95906,-0.0391702,0.0710398,-0.271335
1691392305804545024,71.5127,-50.2336,-4.17648,0.959019,-0.0392154,0.0709108,-0.271509
1691392305913207808,71.5895,-50.2857,-4.18956,0.959109,-0.0393377,0.0705248,-0.271271
1691392306021355520,71.59,-50.2855,-4.18595,0.95911,-0.039313,0.0705294,-0.27127
1691392306129807872,71.7222,-50.373,-4.20585,0.959133,-0.0395301,0.0698595,-0.271332
1691392306237989120,71.7227,-50.3728,-4.20226,0.959133,-0.0395098,0.0698745,-0.27133
1691392306354736128,71.8326,-50.4442,-4.21572,0.959134,-0.0396663,0.0693318,-0.271444
1691392306462784256,72.1596,-50.6568,-4.26003,0.959138,-0.0404554,0.0681096,-0.271622
1691392306571669248,72.1599,-50.6567,-4.25649,0.959127,-0.0404775,0.0682471,-0.271623
1691392306679488256,72.3293,-50.7659,-4.2782,0.959121,-0.0405169,0.0682584,-0.271635
1691392306788092416,72.6183,-50.9645,-4.32198,0.958859,-0.0436884,0.07027,-0.271556
1691392306904773376,72.6177,-50.9648,-4.31896,0.958817,-0.0441109,0.0707686,-0.271507
1691392307012912896,72.783,-51.0871,-4.33825,0.958568,-0.0489335,0.0717395,-0.271304
1691392307121637120,73.1081,-51.3123,-4.3756,0.958292,-0.05341,0.0704016,-0.271785
1691392307229625344,73.1089,-51.311,-4.37245,0.958327,-0.0527958,0.0703936,-0.271786
1691392307346236928,73.5204,-51.6035,-4.41558,0.957985,-0.062224,0.0684049,-0.271501
1691392307454961408,73.7241,-51.7503,-4.43314,0.957777,-0.0672424,0.0678741,-0.271174
1691392307563228416,73.7252,-51.7493,-4.42943,0.957812,-0.0668457,0.0677369,-0.271181
1691392307671393792,73.9461,-51.8988,-4.44912,0.957722,-0.0689719,0.0667649,-0.27121
1691392307779790592,74.1708,-52.0499,-4.46932,0.957646,-0.0710564,0.0658153,-0.271171
1691392307896333824,74.6278,-52.3523,-4.51699,0.957556,-0.0725301,0.0651642,-0.271254
1691392308004861696,74.838,-52.489,-4.53808,0.957545,-0.0723177,0.0652789,-0.271322
1691392308112918528,74.8385,-52.4881,-4.53474,0.957553,-0.0719934,0.0653928,-0.271354
1691392308221430272,75.2392,-52.7523,-4.57877,0.957465,-0.0724337,0.0657629,-0.271458
1691392308338057984,75.4447,-52.8863,-4.59794,0.957427,-0.0722485,0.0661378,-0.271551
1691392308446287872,75.6261,-53.0062,-4.61901,0.957383,-0.0722462,0.0663854,-0.271645
1691392308554760192,75.8181,-53.1341,-4.63729,0.957318,-0.0730602,0.0663771,-0.271658
1691392308662989312,76.0133,-53.2626,-4.65314,0.957345,-0.0737684,0.0652855,-0.271636
1691392308771587072,76.2202,-53.3978,-4.66918,0.9574,-0.0743031,0.0637322,-0.271666
1691392308879743488,76.2214,-53.3975,-4.66521,0.957427,-0.0742662,0.0634468,-0.271649
1691392308996587776,76.6557,-53.6781,-4.70739,0.957597,-0.0737189,0.0615422,-0.271634
1691392309104715008,76.6558,-53.6773,-4.70445,0.957588,-0.0734955,0.0617787,-0.271673
1691392309212964096,76.8668,-53.8124,-4.72543,0.957613,-0.0722735,0.0622446,-0.27181
1691392309321436160,77.0776,-53.9468,-4.74645,0.957642,-0.0709944,0.0627614,-0.271923
1691392309429692416,77.5199,-54.2326,-4.78597,0.957768,-0.0708269,0.0607363,-0.271985
1691392309546593792,77.5211,-54.2326,-4.78151,0.957786,-0.0709395,0.0604181,-0.27196
1691392309654822400,77.7566,-54.3844,-4.79884,0.957896,-0.0710842,0.0587598,-0.271901
1691392309763084032,77.9821,-54.5285,-4.81697,0.95799,-0.0704966,0.0574377,-0.272005
1691392309871481344,78.3941,-54.8011,-4.85585,0.957864,-0.0715061,0.0581255,-0.272039
1691392309979741184,78.394,-54.8007,-4.85234,0.957837,-0.0715432,0.0584464,-0.272053
1691392310088453120,78.5986,-54.9361,-4.86991,0.957749,-0.071915,0.0590464,-0.272137
1691392310204924416,79.0013,-55.2076,-4.8875,0.957785,-0.0771127,0.0538507,-0.271663
1691392310313061632,79.1826,-55.3229,-4.88529,0.95803,-0.0786391,0.0482947,-0.271408
1691392310421751808,79.3645,-55.4385,-4.88323,0.958243,-0.0801014,0.0428438,-0.271143
1691392310529789440,79.5348,-55.5471,-4.88164,0.958405,-0.0814473,0.0379039,-0.270904
1691392310638462720,79.7017,-55.6602,-4.88103,0.958357,-0.0845164,0.0352556,-0.270493
1691392310746547200,79.8571,-55.7632,-4.88364,0.958313,-0.0853556,0.0349693,-0.27042
1691392310863078912,80.0046,-55.8678,-4.89108,0.958021,-0.0872696,0.0377335,-0.270475
1691392310971582208,80.1455,-55.9713,-4.90004,0.957609,-0.0897744,0.0413021,-0.270591
1691392311079842304,80.2812,-56.0706,-4.90897,0.957206,-0.0918307,0.0446391,-0.270796
1691392311188286720,80.4214,-56.1669,-4.91926,0.956929,-0.0916612,0.0473503,-0.271371
1691392311296475136,80.5723,-56.2645,-4.92774,0.956815,-0.0902833,0.0486707,-0.272002
1691392311413172736,80.7322,-56.3698,-4.93525,0.956685,-0.0897583,0.0495656,-0.27247
1691392311521564928,80.8927,-56.4816,-4.93999,0.956494,-0.0918979,0.0493461,-0.272468
1691392311629864448,80.8937,-56.4823,-4.93633,0.956482,-0.0924572,0.0489589,-0.272391
1691392311738393856,81.051,-56.5926,-4.94088,0.9563,-0.0947874,0.0488007,-0.272259
1691392311854978304,81.193,-56.689,-4.94627,0.956281,-0.095544,0.0482668,-0.272154
1691392311963153664,81.3264,-56.7762,-4.95328,0.956326,-0.0948367,0.0485056,-0.272203
1691392312071593984,81.4531,-56.8586,-4.96009,0.956362,-0.0941112,0.0488155,-0.272273
1691392312180311040,81.5725,-56.9366,-4.96642,0.956397,-0.0934516,0.0491075,-0.272325
1691392312288503040,81.8235,-57.101,-4.9833,0.956458,-0.0920804,0.0497301,-0.272463
1691392312404961792,81.97,-57.1973,-4.99078,0.956455,-0.0916627,0.049937,-0.272578
1691392312513184256,82.1256,-57.3005,-4.99821,0.956424,-0.0917034,0.0499109,-0.272678
1691392312621754880,82.2863,-57.4069,-5.00591,0.956406,-0.091754,0.0498712,-0.272731
1691392312729831424,82.4564,-57.524,-5.0159,0.956219,-0.0928165,0.0509873,-0.272819
1691392312838365184,82.6289,-57.6441,-5.02692,0.95599,-0.0941077,0.0525625,-0.27288
1691392312946536448,82.7885,-57.7535,-5.03893,0.955806,-0.0943199,0.054278,-0.273118
1691392313055330304,82.9499,-57.8627,-5.05303,0.955627,-0.0936842,0.0563341,-0.273546
1691392313163760384,83.1105,-57.9712,-5.06709,0.95545,-0.0930554,0.0583926,-0.273946
1691392313279905024,83.2682,-58.084,-5.07617,0.955194,-0.0951923,0.0594044,-0.273888
1691392313388493312,83.4162,-58.1871,-5.08055,0.95509,-0.097018,0.05854,-0.273795
1691392313497035264,83.5565,-58.2827,-5.08386,0.955084,-0.0982243,0.057069,-0.273697
1691392313605115904,83.5583,-58.2824,-5.07972,0.955138,-0.0982259,0.0564241,-0.27364
1691392313713568512,83.6839,-58.3661,-5.08268,0.95522,-0.0987468,0.0545134,-0.273556
1691392313829953024,83.8872,-58.5032,-5.09186,0.95534,-0.0992613,0.0518503,-0.273467
1691392313938382080,83.8883,-58.5026,-5.08832,0.955371,-0.0991545,0.0515571,-0.273454
1691392314046720512,84.0192,-58.5929,-5.09706,0.955441,-0.0992202,0.0506914,-0.273346
1691392314155140352,84.0197,-58.5926,-5.09358,0.955434,-0.0992948,0.0506519,-0.273352
1691392314271792128,84.0242,-58.6023,-5.0965,0.955436,-0.0991821,0.0507948,-0.273357
1691392314379955712,84.0233,-58.6036,-5.0962,0.955434,-0.0991869,0.0508321,-0.273358
1691392314488561664,84.0232,-58.6036,-5.09617,0.955432,-0.0991995,0.0508454,-0.273358
1691392314596633856,84.023,-58.6037,-5.09612,0.955432,-0.0992038,0.0508448,-0.273356
1691392314705115392,84.0228,-58.6037,-5.0961,0.955431,-0.0992098,0.0508539,-0.273355
1691392314813446144,84.0216,-58.6031,-5.09604,0.955431,-0.0991974,0.0508688,-0.273355
1691392314930131968,84.0186,-58.6014,-5.09587,0.955433,-0.099181,0.0508748,-0.273354
1691392315038558720,84.0191,-58.6012,-5.0925,0.955423,-0.099328,0.0508037,-0.273351
1691392315146681344,84.0127,-58.5979,-5.09553,0.955435,-0.0991526,0.0508929,-0.273354
1691392315255124224,84.0126,-58.598,-5.0955,0.955436,-0.0991535,0.0508938,-0.273352
1691392315371962368,84.0124,-58.598,-5.09546,0.955436,-0.0991578,0.0508903,-0.27335
1691392315480050688,84.0123,-58.5981,-5.09543,0.955436,-0.0991583,0.0508917,-0.273349
1691392315588481280,84.0128,-58.5979,-5.09202,0.955425,-0.0993085,0.0508213,-0.273346
1691392315696689664,84.012,-58.5982,-5.09537,0.955436,-0.0991627,0.0508917,-0.273347
1691392315805208576,84.0125,-58.598,-5.09191,0.955425,-0.099316,0.0508215,-0.273343
1691392315922090752,84.0124,-58.5981,-5.09181,0.955425,-0.0993203,0.0508208,-0.273341
1691392316030129152,84.0117,-58.5984,-5.09528,0.955438,-0.0991581,0.0508928,-0.273343
1691392316138697728,84.0115,-58.5985,-5.09525,0.955438,-0.0991594,0.050892,-0.273342
1691392316246878976,84.0114,-58.5985,-5.09522,0.955439,-0.0991562,0.0508921,-0.27334
1691392316355674368,84.0113,-58.5986,-5.09518,0.955439,-0.0991518,0.0508892,-0.27334
1691392316455191296,84.0112,-58.5987,-5.09516,0.955439,-0.0991536,0.0508943,-0.27334
1691392316471173376,84.0111,-58.5987,-5.09516,0.955439,-0.0991536,0.0508943,-0.27334
1691392316471173376,84.0111,-58.5987,-5.09516,0.955439,-0.0991536,0.0508943,-0.27334
1691392316471173376,84.0116,-58.5985,-5.09181,0.955428,-0.0992988,0.0508318,-0.273336
1691392316803906560,84.0116,-58.5985,-5.09172,0.955427,-0.0993072,0.0508304,-0.273336
1691392316803906560,84.0111,-58.5987,-5.09516,0.955439,-0.0991536,0.0508943,-0.27334
1691392316803906560,84.0111,-58.5987,-5.09516,0.955439,-0.0991536,0.0508943,-0.27334
1691392317136939008,84.0111,-58.5987,-5.09516,0.955439,-0.0991536,0.0508943,-0.27334
