#timestamp[ns], filename
1691392224680000000,1691392224680000000.png
1691392225018989312,1691392225018989312.png
1691392225018989312,1691392225018989312.png
1691392225346777856,1691392225346777856.png
1691392225463043584,1691392225463043584.png
1691392225572539648,1691392225572539648.png
1691392225681747200,1691392225681747200.png
1691392225790134016,1691392225790134016.png
1691392225898586880,1691392225898586880.png
1691392226006703104,1691392226006703104.png
1691392226115264000,1691392226115264000.png
1691392226231726592,1691392226231726592.png
1691392226340033792,1691392226340033792.png
1691392226448555776,1691392226448555776.png
1691392226556893952,1691392226556893952.png
1691392226673577728,1691392226673577728.png
1691392226781832192,1691392226781832192.png
1691392226890182912,1691392226890182912.png
1691392226998590464,1691392226998590464.png
1691392227106857984,1691392227106857984.png
1691392227223546112,1691392227223546112.png
1691392227331890176,1691392227331890176.png
1691392227440248320,1691392227440248320.png
1691392227548646656,1691392227548646656.png
1691392227656865792,1691392227656865792.png
1691392227773566976,1691392227773566976.png
1691392227881932800,1691392227881932800.png
1691392227990246144,1691392227990246144.png
1691392228098590720,1691392228098590720.png
1691392228206828032,1691392228206828032.png
1691392228315243776,1691392228315243776.png
1691392228423510784,1691392228423510784.png
1691392228531887872,1691392228531887872.png
1691392228648538624,1691392228648538624.png
1691392228756854016,1691392228756854016.png
1691392228865211648,1691392228865211648.png
1691392228973541888,1691392228973541888.png
1691392229090314496,1691392229090314496.png
1691392229198566912,1691392229198566912.png
1691392229306888192,1691392229306888192.png
1691392229415263744,1691392229415263744.png
1691392229523722240,1691392229523722240.png
1691392229632030720,1691392229632030720.png
1691392229748614144,1691392229748614144.png
1691392229856892160,1691392229856892160.png
1691392229956154368,1691392229956154368.png
1691392230065788160,1691392230065788160.png
1691392230189290752,1691392230189290752.png
1691392230297538816,1691392230297538816.png
1691392230405890304,1691392230405890304.png
1691392230514223616,1691392230514223616.png
1691392230622670080,1691392230622670080.png
1691392230739213824,1691392230739213824.png
1691392230847589120,1691392230847589120.png
1691392230955934976,1691392230955934976.png
1691392231064268288,1691392231064268288.png
1691392231172730880,1691392231172730880.png
1691392231280921344,1691392231280921344.png
1691392231389255680,1691392231389255680.png
1691392231497621504,1691392231497621504.png
1691392231614403584,1691392231614403584.png
1691392231722870016,1691392231722870016.png
1691392231831171840,1691392231831171840.png
1691392231939499008,1691392231939499008.png
1691392232047905280,1691392232047905280.png
1691392232164569088,1691392232164569088.png
1691392232272945408,1691392232272945408.png
1691392232381624576,1691392232381624576.png
1691392232489585920,1691392232489585920.png
1691392232598382592,1691392232598382592.png
1691392232714709760,1691392232714709760.png
1691392232822923264,1691392232822923264.png
1691392232931280384,1691392232931280384.png
1691392233039622656,1691392233039622656.png
1691392233156295424,1691392233156295424.png
1691392233264624896,1691392233264624896.png
1691392233372987648,1691392233372987648.png
1691392233481339392,1691392233481339392.png
1691392233589705984,1691392233589705984.png
1691392233706355200,1691392233706355200.png
1691392233814790912,1691392233814790912.png
1691392233923017472,1691392233923017472.png
1691392234031498752,1691392234031498752.png
1691392234148045568,1691392234148045568.png
1691392234256480512,1691392234256480512.png
1691392234364775936,1691392234364775936.png
1691392234481393152,1691392234481393152.png
1691392234589737728,1691392234589737728.png
1691392234698071808,1691392234698071808.png
1691392234806416384,1691392234806416384.png
1691392234923088384,1691392234923088384.png
1691392235031424256,1691392235031424256.png
1691392235139751936,1691392235139751936.png
1691392235248410624,1691392235248410624.png
1691392235364773888,1691392235364773888.png
1691392235473122304,1691392235473122304.png
1691392235581487872,1691392235581487872.png
1691392235689791744,1691392235689791744.png
1691392235798321920,1691392235798321920.png
1691392235906502400,1691392235906502400.png
1691392236023166976,1691392236023166976.png
1691392236131470592,1691392236131470592.png
1691392236239878400,1691392236239878400.png
1691392236348282624,1691392236348282624.png
1691392236464859648,1691392236464859648.png
1691392236573182976,1691392236573182976.png
1691392236681701376,1691392236681701376.png
1691392236789891072,1691392236789891072.png
1691392236898500096,1691392236898500096.png
1691392237014887424,1691392237014887424.png
1691392237123222016,1691392237123222016.png
1691392237231546880,1691392237231546880.png
1691392237340082176,1691392237340082176.png
1691392237448258304,1691392237448258304.png
1691392237556617984,1691392237556617984.png
1691392237673302016,1691392237673302016.png
1691392237781598976,1691392237781598976.png
1691392237889936896,1691392237889936896.png
1691392237998276096,1691392237998276096.png
1691392238106785792,1691392238106785792.png
1691392238223284736,1691392238223284736.png
1691392238331623680,1691392238331623680.png
1691392238439960576,1691392238439960576.png
1691392238548297728,1691392238548297728.png
1691392238665117184,1691392238665117184.png
1691392238773303040,1691392238773303040.png
1691392238881758208,1691392238881758208.png
1691392238990232576,1691392238990232576.png
1691392239098461440,1691392239098461440.png
1691392239214995712,1691392239214995712.png
1691392239323341312,1691392239323341312.png
1691392239431698176,1691392239431698176.png
1691392239540165120,1691392239540165120.png
1691392239648395776,1691392239648395776.png
1691392239765119488,1691392239765119488.png
1691392239873382144,1691392239873382144.png
1691392239981738240,1691392239981738240.png
1691392240090048256,1691392240090048256.png
1691392240198431232,1691392240198431232.png
1691392240315041024,1691392240315041024.png
1691392240423556864,1691392240423556864.png
1691392240531926784,1691392240531926784.png
1691392240648408320,1691392240648408320.png
1691392240756764672,1691392240756764672.png
1691392240865082368,1691392240865082368.png
1691392240973642496,1691392240973642496.png
1691392241081772800,1691392241081772800.png
1691392241198436608,1691392241198436608.png
1691392241306786816,1691392241306786816.png
1691392241415197440,1691392241415197440.png
1691392241523496448,1691392241523496448.png
1691392241632108800,1691392241632108800.png
1691392241748507904,1691392241748507904.png
1691392241856839424,1691392241856839424.png
1691392241965195520,1691392241965195520.png
1691392242073512192,1691392242073512192.png
1691392242181864704,1691392242181864704.png
1691392242298523648,1691392242298523648.png
1691392242407071232,1691392242407071232.png
1691392242515478528,1691392242515478528.png
1691392242623632640,1691392242623632640.png
1691392242740228352,1691392242740228352.png
1691392242848627712,1691392242848627712.png
1691392242956957184,1691392242956957184.png
1691392243065334528,1691392243065334528.png
1691392243181969408,1691392243181969408.png
1691392243290305280,1691392243290305280.png
1691392243398628096,1691392243398628096.png
1691392243506983168,1691392243506983168.png
1691392243623679488,1691392243623679488.png
1691392243731988480,1691392243731988480.png
1691392243840412928,1691392243840412928.png
1691392243948663296,1691392243948663296.png
1691392244057208576,1691392244057208576.png
1691392244173692928,1691392244173692928.png
1691392244282060288,1691392244282060288.png
1691392244390371584,1691392244390371584.png
1691392244498854656,1691392244498854656.png
1691392244607076096,1691392244607076096.png
1691392244723755520,1691392244723755520.png
1691392244832030720,1691392244832030720.png
1691392244940399872,1691392244940399872.png
1691392245048711168,1691392245048711168.png
1691392245165423616,1691392245165423616.png
1691392245273852672,1691392245273852672.png
1691392245382073088,1691392245382073088.png
1691392245490430976,1691392245490430976.png
1691392245607092736,1691392245607092736.png
1691392245715658752,1691392245715658752.png
1691392245823826176,1691392245823826176.png
1691392245932158720,1691392245932158720.png
1691392246040526080,1691392246040526080.png
1691392246157158144,1691392246157158144.png
1691392246265493504,1691392246265493504.png
1691392246373851648,1691392246373851648.png
1691392246482178816,1691392246482178816.png
1691392246590568192,1691392246590568192.png
1691392246707251200,1691392246707251200.png
1691392246815532544,1691392246815532544.png
1691392246923908352,1691392246923908352.png
1691392247032240384,1691392247032240384.png
1691392247140624384,1691392247140624384.png
1691392247257216256,1691392247257216256.png
1691392247365562112,1691392247365562112.png
1691392247473900288,1691392247473900288.png
1691392247582569216,1691392247582569216.png
1691392247699416320,1691392247699416320.png
1691392247807247104,1691392247807247104.png
1691392247915591424,1691392247915591424.png
1691392248024017408,1691392248024017408.png
1691392248132845312,1691392248132845312.png
1691392248248919552,1691392248248919552.png
1691392248357282048,1691392248357282048.png
1691392248465636608,1691392248465636608.png
1691392248582355456,1691392248582355456.png
1691392248690806016,1691392248690806016.png
1691392248799014656,1691392248799014656.png
1691392248907318784,1691392248907318784.png
1691392249015689728,1691392249015689728.png
1691392249132324096,1691392249132324096.png
1691392249240681216,1691392249240681216.png
1691392249349065984,1691392249349065984.png
1691392249457352960,1691392249457352960.png
1691392249574052608,1691392249574052608.png
1691392249682342144,1691392249682342144.png
1691392249790717440,1691392249790717440.png
1691392249899011072,1691392249899011072.png
1691392250015842048,1691392250015842048.png
1691392250124031488,1691392250124031488.png
1691392250232504576,1691392250232504576.png
1691392250340721408,1691392250340721408.png
1691392250449315072,1691392250449315072.png
1691392250557456896,1691392250557456896.png
1691392250674076416,1691392250674076416.png
1691392250782414336,1691392250782414336.png
1691392250890811648,1691392250890811648.png
1691392251007432704,1691392251007432704.png
1691392251115766272,1691392251115766272.png
1691392251224160512,1691392251224160512.png
1691392251332459776,1691392251332459776.png
1691392251449193216,1691392251449193216.png
1691392251557455872,1691392251557455872.png
1691392251666208256,1691392251666208256.png
1691392251774430464,1691392251774430464.png
1691392251882561024,1691392251882561024.png
1691392251990832896,1691392251990832896.png
1691392252107538176,1691392252107538176.png
1691392252215916032,1691392252215916032.png
1691392252324224256,1691392252324224256.png
1691392252432724736,1691392252432724736.png
1691392252549184000,1691392252549184000.png
1691392252657671424,1691392252657671424.png
1691392252766071808,1691392252766071808.png
1691392252874391808,1691392252874391808.png
1691392252990930176,1691392252990930176.png
1691392253099302400,1691392253099302400.png
1691392253207574272,1691392253207574272.png
1691392253316141312,1691392253316141312.png
1691392253432596224,1691392253432596224.png
1691392253540944128,1691392253540944128.png
1691392253649363712,1691392253649363712.png
1691392253757848576,1691392253757848576.png
1691392253866307584,1691392253866307584.png
1691392253982648320,1691392253982648320.png
1691392254091028224,1691392254091028224.png
1691392254199314944,1691392254199314944.png
1691392254307903488,1691392254307903488.png
1691392254416077056,1691392254416077056.png
1691392254532735232,1691392254532735232.png
1691392254641039872,1691392254641039872.png
1691392254749370112,1691392254749370112.png
1691392254857933568,1691392254857933568.png
1691392254974654208,1691392254974654208.png
1691392255082713344,1691392255082713344.png
1691392255191116544,1691392255191116544.png
1691392255299620608,1691392255299620608.png
1691392255407772416,1691392255407772416.png
1691392255524542976,1691392255524542976.png
1691392255632776192,1691392255632776192.png
1691392255741139456,1691392255741139456.png
1691392255849460224,1691392255849460224.png
1691392255957836288,1691392255957836288.png
1691392256074874112,1691392256074874112.png
1691392256182870784,1691392256182870784.png
1691392256291206912,1691392256291206912.png
1691392256400001024,1691392256400001024.png
1691392256516168960,1691392256516168960.png
1691392256624525824,1691392256624525824.png
1691392256733302784,1691392256733302784.png
1691392256841443584,1691392256841443584.png
1691392256949717504,1691392256949717504.png
1691392257066218240,1691392257066218240.png
1691392257174585856,1691392257174585856.png
1691392257282971904,1691392257282971904.png
1691392257391255552,1691392257391255552.png
1691392257499647232,1691392257499647232.png
1691392257616278528,1691392257616278528.png
1691392257724642560,1691392257724642560.png
1691392257833135616,1691392257833135616.png
1691392257941555968,1691392257941555968.png
1691392258057968128,1691392258057968128.png
1691392258166518784,1691392258166518784.png
1691392258274703616,1691392258274703616.png
1691392258391556352,1691392258391556352.png
1691392258499704064,1691392258499704064.png
1691392258608137216,1691392258608137216.png
1691392258716388864,1691392258716388864.png
1691392258824940800,1691392258824940800.png
1691392258941407488,1691392258941407488.png
1691392259049745920,1691392259049745920.png
1691392259158295296,1691392259158295296.png
1691392259266446080,1691392259266446080.png
1691392259383074560,1691392259383074560.png
1691392259491442432,1691392259491442432.png
1691392259600110080,1691392259600110080.png
1691392259708150272,1691392259708150272.png
1691392259825008384,1691392259825008384.png
1691392259933110784,1691392259933110784.png
1691392260041639168,1691392260041639168.png
1691392260149787648,1691392260149787648.png
1691392260258328064,1691392260258328064.png
1691392260374905600,1691392260374905600.png
1691392260483185408,1691392260483185408.png
1691392260591567872,1691392260591567872.png
1691392260699939328,1691392260699939328.png
1691392260816583680,1691392260816583680.png
1691392260924948480,1691392260924948480.png
1691392261033393408,1691392261033393408.png
1691392261141622272,1691392261141622272.png
1691392261250081536,1691392261250081536.png
1691392261366623744,1691392261366623744.png
1691392261475152128,1691392261475152128.png
1691392261583278592,1691392261583278592.png
1691392261691680256,1691392261691680256.png
1691392261800118528,1691392261800118528.png
1691392261916680192,1691392261916680192.png
1691392262025028608,1691392262025028608.png
1691392262133344512,1691392262133344512.png
1691392262241735424,1691392262241735424.png
1691392262350148096,1691392262350148096.png
1691392262466716160,1691392262466716160.png
1691392262575084800,1691392262575084800.png
1691392262684047872,1691392262684047872.png
1691392262791805184,1691392262791805184.png
1691392262908451328,1691392262908451328.png
1691392263017044224,1691392263017044224.png
1691392263125121536,1691392263125121536.png
1691392263233473024,1691392263233473024.png
1691392263341877760,1691392263341877760.png
1691392263458487296,1691392263458487296.png
1691392263566803200,1691392263566803200.png
1691392263675159040,1691392263675159040.png
1691392263783507712,1691392263783507712.png
1691392263891916288,1691392263891916288.png
1691392264008505600,1691392264008505600.png
1691392264117059584,1691392264117059584.png
1691392264225164800,1691392264225164800.png
1691392264333618688,1691392264333618688.png
1691392264450231552,1691392264450231552.png
1691392264558588672,1691392264558588672.png
1691392264666977024,1691392264666977024.png
1691392264775307008,1691392264775307008.png
1691392264891955968,1691392264891955968.png
1691392265000314880,1691392265000314880.png
1691392265108619008,1691392265108619008.png
1691392265216954112,1691392265216954112.png
1691392265325376000,1691392265325376000.png
1691392265441995520,1691392265441995520.png
1691392265550637824,1691392265550637824.png
1691392265658850304,1691392265658850304.png
1691392265767154432,1691392265767154432.png
1691392265883708928,1691392265883708928.png
1691392265992026112,1691392265992026112.png
1691392266100365312,1691392266100365312.png
1691392266208753152,1691392266208753152.png
1691392266317098240,1691392266317098240.png
1691392266433723136,1691392266433723136.png
1691392266542052864,1691392266542052864.png
1691392266650380544,1691392266650380544.png
1691392266758749696,1691392266758749696.png
1691392266867357696,1691392266867357696.png
1691392266983747584,1691392266983747584.png
1691392267092074240,1691392267092074240.png
1691392267200787456,1691392267200787456.png
1691392267308827904,1691392267308827904.png
1691392267425573376,1691392267425573376.png
1691392267533781760,1691392267533781760.png
1691392267642384384,1691392267642384384.png
1691392267750471680,1691392267750471680.png
1691392267867207424,1691392267867207424.png
1691392267975526400,1691392267975526400.png
1691392268084087296,1691392268084087296.png
1691392268192200192,1691392268192200192.png
1691392268300634624,1691392268300634624.png
1691392268417193472,1691392268417193472.png
1691392268525549056,1691392268525549056.png
1691392268634234368,1691392268634234368.png
1691392268742398720,1691392268742398720.png
1691392268850685696,1691392268850685696.png
1691392268967234304,1691392268967234304.png
1691392269075633920,1691392269075633920.png
1691392269184137984,1691392269184137984.png
1691392269300634368,1691392269300634368.png
1691392269408936192,1691392269408936192.png
1691392269517293312,1691392269517293312.png
1691392269625608960,1691392269625608960.png
1691392269742309888,1691392269742309888.png
1691392269850675456,1691392269850675456.png
1691392269959010304,1691392269959010304.png
1691392270067699712,1691392270067699712.png
1691392270184028160,1691392270184028160.png
1691392270292411904,1691392270292411904.png
1691392270400704512,1691392270400704512.png
1691392270509559808,1691392270509559808.png
1691392270617377792,1691392270617377792.png
1691392270726021888,1691392270726021888.png
1691392270834359552,1691392270834359552.png
1691392270950776320,1691392270950776320.png
1691392271059097856,1691392271059097856.png
1691392271167460864,1691392271167460864.png
1691392271275864576,1691392271275864576.png
1691392271392454912,1691392271392454912.png
1691392271500882944,1691392271500882944.png
1691392271609113600,1691392271609113600.png
1691392271717517312,1691392271717517312.png
1691392271825853440,1691392271825853440.png
1691392271934330112,1691392271934330112.png
1691392272051051520,1691392272051051520.png
1691392272159234304,1691392272159234304.png
1691392272267687680,1691392272267687680.png
1691392272376166912,1691392272376166912.png
1691392272484265216,1691392272484265216.png
1691392272592699648,1691392272592699648.png
1691392272709349888,1691392272709349888.png
1691392272817640192,1691392272817640192.png
1691392272926168576,1691392272926168576.png
1691392273034321664,1691392273034321664.png
1691392273142620672,1691392273142620672.png
1691392273259264768,1691392273259264768.png
1691392273367754496,1691392273367754496.png
1691392273476005632,1691392273476005632.png
1691392273584719616,1691392273584719616.png
1691392273692658176,1691392273692658176.png
1691392273801312768,1691392273801312768.png
1691392273917995008,1691392273917995008.png
1691392274025992960,1691392274025992960.png
1691392274134344960,1691392274134344960.png
1691392274242784512,1691392274242784512.png
1691392274351323904,1691392274351323904.png
1691392274459383296,1691392274459383296.png
1691392274567825152,1691392274567825152.png
1691392274684420864,1691392274684420864.png
1691392274792791808,1691392274792791808.png
1691392274901273344,1691392274901273344.png
1691392275009429248,1691392275009429248.png
1691392275117787392,1691392275117787392.png
1691392275226243072,1691392275226243072.png
1691392275342804224,1691392275342804224.png
1691392275451139584,1691392275451139584.png
1691392275559427072,1691392275559427072.png
1691392275667780352,1691392275667780352.png
1691392275776431616,1691392275776431616.png
1691392275884570368,1691392275884570368.png
1691392276002029312,1691392276002029312.png
1691392276109478400,1691392276109478400.png
1691392276217964288,1691392276217964288.png
1691392276326294528,1691392276326294528.png
1691392276442844416,1691392276442844416.png
1691392276551206144,1691392276551206144.png
1691392276659552000,1691392276659552000.png
1691392276767943936,1691392276767943936.png
1691392276884885248,1691392276884885248.png
1691392276992967680,1691392276992967680.png
1691392277101270784,1691392277101270784.png
1691392277209837824,1691392277209837824.png
1691392277318405888,1691392277318405888.png
1691392277434708736,1691392277434708736.png
1691392277543010816,1691392277543010816.png
1691392277651451392,1691392277651451392.png
1691392277759676672,1691392277759676672.png
1691392277868090368,1691392277868090368.png
1691392277984678144,1691392277984678144.png
1691392278093007872,1691392278093007872.png
1691392278201388544,1691392278201388544.png
1691392278309786112,1691392278309786112.png
1691392278426496512,1691392278426496512.png
1691392278534739712,1691392278534739712.png
1691392278643188992,1691392278643188992.png
1691392278751412224,1691392278751412224.png
1691392278859857152,1691392278859857152.png
1691392278976642560,1691392278976642560.png
1691392279084784128,1691392279084784128.png
1691392279193103616,1691392279193103616.png
1691392279301448704,1691392279301448704.png
1691392279409780736,1691392279409780736.png
1691392279518291456,1691392279518291456.png
1691392279634832896,1691392279634832896.png
1691392279743170048,1691392279743170048.png
1691392279851565568,1691392279851565568.png
1691392279960095232,1691392279960095232.png
1691392280076589312,1691392280076589312.png
1691392280184865792,1691392280184865792.png
1691392280293366272,1691392280293366272.png
1691392280401585920,1691392280401585920.png
1691392280509919488,1691392280509919488.png
1691392280618274304,1691392280618274304.png
1691392280726603776,1691392280726603776.png
1691392280835041792,1691392280835041792.png
1691392280952342016,1691392280952342016.png
1691392281059930880,1691392281059930880.png
1691392281168642816,1691392281168642816.png
1691392281276649984,1691392281276649984.png
1691392281385061120,1691392281385061120.png
1691392281493375488,1691392281493375488.png
1691392281601973248,1691392281601973248.png
1691392281718310144,1691392281718310144.png
1691392281826940160,1691392281826940160.png
1691392281935400192,1691392281935400192.png
1691392282043344128,1691392282043344128.png
1691392282151822592,1691392282151822592.png
1691392282268458496,1691392282268458496.png
1691392282376764928,1691392282376764928.png
1691392282485073664,1691392282485073664.png
1691392282593350656,1691392282593350656.png
1691392282702075904,1691392282702075904.png
1691392282810210048,1691392282810210048.png
1691392282926793984,1691392282926793984.png
1691392283035362048,1691392283035362048.png
1691392283143446528,1691392283143446528.png
1691392283251966464,1691392283251966464.png
1691392283360382720,1691392283360382720.png
1691392283476784896,1691392283476784896.png
1691392283585246976,1691392283585246976.png
1691392283693494528,1691392283693494528.png
1691392283801905408,1691392283801905408.png
1691392283910190080,1691392283910190080.png
1691392284019045888,1691392284019045888.png
1691392284127014144,1691392284127014144.png
1691392284243562496,1691392284243562496.png
1691392284351899392,1691392284351899392.png
1691392284460749056,1691392284460749056.png
1691392284568577024,1691392284568577024.png
1691392284685264896,1691392284685264896.png
1691392284793705728,1691392284793705728.png
1691392284901940224,1691392284901940224.png
1691392285010332416,1691392285010332416.png
1691392285118617088,1691392285118617088.png
1691392285227191808,1691392285227191808.png
1691392285343619072,1691392285343619072.png
1691392285443977984,1691392285443977984.png
1691392285560288256,1691392285560288256.png
1691392285669387520,1691392285669387520.png
1691392285777051136,1691392285777051136.png
1691392285885370880,1691392285885370880.png
1691392285994153472,1691392285994153472.png
1691392286102774784,1691392286102774784.png
1691392286218722560,1691392286218722560.png
1691392286327068160,1691392286327068160.png
1691392286435476224,1691392286435476224.png
1691392286543759872,1691392286543759872.png
1691392286652113920,1691392286652113920.png
1691392286760954624,1691392286760954624.png
1691392286868857088,1691392286868857088.png
1691392286977430528,1691392286977430528.png
1691392287085523712,1691392287085523712.png
1691392287202173184,1691392287202173184.png
1691392287310796288,1691392287310796288.png
1691392287419048704,1691392287419048704.png
1691392287527180800,1691392287527180800.png
1691392287635508224,1691392287635508224.png
1691392287743907328,1691392287743907328.png
1691392287852217344,1691392287852217344.png
1691392287960545280,1691392287960545280.png
1691392288068999168,1691392288068999168.png
1691392288185582336,1691392288185582336.png
1691392288293866752,1691392288293866752.png
1691392288402323712,1691392288402323712.png
1691392288510788096,1691392288510788096.png
1691392288618944512,1691392288618944512.png
1691392288735609344,1691392288735609344.png
1691392288843933440,1691392288843933440.png
1691392288952875520,1691392288952875520.png
1691392289060841216,1691392289060841216.png
1691392289177347072,1691392289177347072.png
1691392289285626368,1691392289285626368.png
1691392289394252032,1691392289394252032.png
1691392289502328576,1691392289502328576.png
1691392289619055360,1691392289619055360.png
1691392289727300352,1691392289727300352.png
1691392289835690496,1691392289835690496.png
1691392289944031232,1691392289944031232.png
1691392290052869120,1691392290052869120.png
1691392290160759296,1691392290160759296.png
1691392290269479680,1691392290269479680.png
1691392290386052096,1691392290386052096.png
1691392290494135296,1691392290494135296.png
1691392290603400960,1691392290603400960.png
1691392290710811904,1691392290710811904.png
1691392290827443200,1691392290827443200.png
1691392290936119296,1691392290936119296.png
1691392291044184576,1691392291044184576.png
1691392291152630784,1691392291152630784.png
1691392291269190400,1691392291269190400.png
1691392291378006016,1691392291378006016.png
1691392291485887488,1691392291485887488.png
1691392291594402816,1691392291594402816.png
1691392291702601216,1691392291702601216.png
1691392291811187456,1691392291811187456.png
1691392291927595520,1691392291927595520.png
1691392292036247040,1691392292036247040.png
1691392292144614400,1691392292144614400.png
1691392292252677120,1691392292252677120.png
1691392292369317888,1691392292369317888.png
1691392292477930496,1691392292477930496.png
1691392292586004736,1691392292586004736.png
1691392292694367744,1691392292694367744.png
1691392292810970112,1691392292810970112.png
1691392292920230656,1691392292920230656.png
1691392293028758528,1691392293028758528.png
1691392293136880384,1691392293136880384.png
1691392293253988864,1691392293253988864.png
1691392293361787648,1691392293361787648.png
1691392293470260224,1691392293470260224.png
1691392293578517760,1691392293578517760.png
1691392293687096320,1691392293687096320.png
1691392293803619840,1691392293803619840.png
1691392293912179712,1691392293912179712.png
1691392294020826112,1691392294020826112.png
1691392294128535296,1691392294128535296.png
1691392294245622528,1691392294245622528.png
1691392294353659136,1691392294353659136.png
1691392294461904640,1691392294461904640.png
1691392294570695680,1691392294570695680.png
1691392294678937344,1691392294678937344.png
1691392294795246336,1691392294795246336.png
1691392294903724800,1691392294903724800.png
1691392295011949312,1691392295011949312.png
1691392295120453376,1691392295120453376.png
1691392295228770304,1691392295228770304.png
1691392295345356288,1691392295345356288.png
1691392295453731072,1691392295453731072.png
1691392295562325504,1691392295562325504.png
1691392295670548736,1691392295670548736.png
1691392295787100160,1691392295787100160.png
1691392295895372800,1691392295895372800.png
1691392296004038656,1691392296004038656.png
1691392296112282368,1691392296112282368.png
1691392296228666880,1691392296228666880.png
1691392296337146880,1691392296337146880.png
1691392296445367040,1691392296445367040.png
1691392296553944064,1691392296553944064.png
1691392296662350592,1691392296662350592.png
1691392296778817792,1691392296778817792.png
1691392296887270400,1691392296887270400.png
1691392296995550976,1691392296995550976.png
1691392297104153088,1691392297104153088.png
1691392297220619776,1691392297220619776.png
1691392297328876032,1691392297328876032.png
1691392297437231104,1691392297437231104.png
1691392297554044672,1691392297554044672.png
1691392297662426368,1691392297662426368.png
1691392297770694144,1691392297770694144.png
1691392297878753792,1691392297878753792.png
1691392297987420672,1691392297987420672.png
1691392298103984128,1691392298103984128.png
1691392298212204032,1691392298212204032.png
1691392298320741888,1691392298320741888.png
1691392298428979712,1691392298428979712.png
1691392298537323776,1691392298537323776.png
1691392298653999360,1691392298653999360.png
1691392298762190336,1691392298762190336.png
1691392298870684416,1691392298870684416.png
1691392298979232512,1691392298979232512.png
1691392299087560448,1691392299087560448.png
1691392299195605248,1691392299195605248.png
1691392299304259072,1691392299304259072.png
1691392299420843776,1691392299420843776.png
1691392299528891648,1691392299528891648.png
1691392299637466624,1691392299637466624.png
1691392299745715712,1691392299745715712.png
1691392299854187776,1691392299854187776.png
1691392299962493184,1691392299962493184.png
1691392300079298560,1691392300079298560.png
1691392300187804928,1691392300187804928.png
1691392300295698688,1691392300295698688.png
1691392300404503552,1691392300404503552.png
1691392300520916224,1691392300520916224.png
1691392300629064448,1691392300629064448.png
1691392300737562368,1691392300737562368.png
1691392300845853440,1691392300845853440.png
1691392300954215680,1691392300954215680.png
1691392301071065600,1691392301071065600.png
1691392301179080448,1691392301179080448.png
1691392301287586560,1691392301287586560.png
1691392301404361984,1691392301404361984.png
1691392301512405504,1691392301512405504.png
1691392301620877312,1691392301620877312.png
1691392301729502208,1691392301729502208.png
1691392301837890048,1691392301837890048.png
1691392301945880064,1691392301945880064.png
1691392302062482176,1691392302062482176.png
1691392302170892288,1691392302170892288.png
1691392302279450624,1691392302279450624.png
1691392302387832576,1691392302387832576.png
1691392302504366080,1691392302504366080.png
1691392302612532480,1691392302612532480.png
1691392302720956160,1691392302720956160.png
1691392302829175808,1691392302829175808.png
1691392302937814272,1691392302937814272.png
1691392303054307328,1691392303054307328.png
1691392303162533376,1691392303162533376.png
1691392303271209984,1691392303271209984.png
1691392303379219712,1691392303379219712.png
1691392303487817728,1691392303487817728.png
1691392303604340992,1691392303604340992.png
1691392303712587776,1691392303712587776.png
1691392303821358080,1691392303821358080.png
1691392303929247488,1691392303929247488.png
1691392304037872384,1691392304037872384.png
1691392304154423808,1691392304154423808.png
1691392304262657024,1691392304262657024.png
1691392304371040000,1691392304371040000.png
1691392304479282432,1691392304479282432.png
1691392304587910656,1691392304587910656.png
1691392304704649984,1691392304704649984.png
1691392304812722176,1691392304812722176.png
1691392304921496576,1691392304921496576.png
1691392305029314560,1691392305029314560.png
1691392305137962752,1691392305137962752.png
1691392305246044416,1691392305246044416.png
1691392305362746880,1691392305362746880.png
1691392305471207168,1691392305471207168.png
1691392305579542272,1691392305579542272.png
1691392305687998464,1691392305687998464.png
1691392305804545024,1691392305804545024.png
1691392305913207808,1691392305913207808.png
1691392306021355520,1691392306021355520.png
1691392306129807872,1691392306129807872.png
1691392306237989120,1691392306237989120.png
1691392306354736128,1691392306354736128.png
1691392306462784256,1691392306462784256.png
1691392306571669248,1691392306571669248.png
1691392306679488256,1691392306679488256.png
1691392306788092416,1691392306788092416.png
1691392306904773376,1691392306904773376.png
1691392307012912896,1691392307012912896.png
1691392307121637120,1691392307121637120.png
1691392307229625344,1691392307229625344.png
1691392307346236928,1691392307346236928.png
1691392307454961408,1691392307454961408.png
1691392307563228416,1691392307563228416.png
1691392307671393792,1691392307671393792.png
1691392307779790592,1691392307779790592.png
1691392307896333824,1691392307896333824.png
1691392308004861696,1691392308004861696.png
1691392308112918528,1691392308112918528.png
1691392308221430272,1691392308221430272.png
1691392308338057984,1691392308338057984.png
1691392308446287872,1691392308446287872.png
1691392308554760192,1691392308554760192.png
1691392308662989312,1691392308662989312.png
1691392308771587072,1691392308771587072.png
1691392308879743488,1691392308879743488.png
1691392308996587776,1691392308996587776.png
1691392309104715008,1691392309104715008.png
1691392309212964096,1691392309212964096.png
1691392309321436160,1691392309321436160.png
1691392309429692416,1691392309429692416.png
1691392309546593792,1691392309546593792.png
1691392309654822400,1691392309654822400.png
1691392309763084032,1691392309763084032.png
1691392309871481344,1691392309871481344.png
1691392309979741184,1691392309979741184.png
1691392310088453120,1691392310088453120.png
1691392310204924416,1691392310204924416.png
1691392310313061632,1691392310313061632.png
1691392310421751808,1691392310421751808.png
1691392310529789440,1691392310529789440.png
1691392310638462720,1691392310638462720.png
1691392310746547200,1691392310746547200.png
1691392310863078912,1691392310863078912.png
1691392310971582208,1691392310971582208.png
1691392311079842304,1691392311079842304.png
1691392311188286720,1691392311188286720.png
1691392311296475136,1691392311296475136.png
1691392311413172736,1691392311413172736.png
1691392311521564928,1691392311521564928.png
1691392311629864448,1691392311629864448.png
1691392311738393856,1691392311738393856.png
1691392311854978304,1691392311854978304.png
1691392311963153664,1691392311963153664.png
1691392312071593984,1691392312071593984.png
1691392312180311040,1691392312180311040.png
1691392312288503040,1691392312288503040.png
1691392312404961792,1691392312404961792.png
1691392312513184256,1691392312513184256.png
1691392312621754880,1691392312621754880.png
1691392312729831424,1691392312729831424.png
1691392312838365184,1691392312838365184.png
1691392312946536448,1691392312946536448.png
1691392313055330304,1691392313055330304.png
1691392313163760384,1691392313163760384.png
1691392313279905024,1691392313279905024.png
1691392313388493312,1691392313388493312.png
1691392313497035264,1691392313497035264.png
1691392313605115904,1691392313605115904.png
1691392313713568512,1691392313713568512.png
1691392313829953024,1691392313829953024.png
1691392313938382080,1691392313938382080.png
1691392314046720512,1691392314046720512.png
1691392314155140352,1691392314155140352.png
1691392314271792128,1691392314271792128.png
1691392314379955712,1691392314379955712.png
1691392314488561664,1691392314488561664.png
1691392314596633856,1691392314596633856.png
1691392314705115392,1691392314705115392.png
1691392314813446144,1691392314813446144.png
1691392314930131968,1691392314930131968.png
1691392315038558720,1691392315038558720.png
1691392315146681344,1691392315146681344.png
1691392315255124224,1691392315255124224.png
1691392315371962368,1691392315371962368.png
1691392315480050688,1691392315480050688.png
1691392315588481280,1691392315588481280.png
1691392315696689664,1691392315696689664.png
1691392315805208576,1691392315805208576.png
1691392315922090752,1691392315922090752.png
1691392316030129152,1691392316030129152.png
1691392316138697728,1691392316138697728.png
1691392316246878976,1691392316246878976.png
1691392316355674368,1691392316355674368.png
1691392316455191296,1691392316455191296.png
1691392316471173376,1691392316471173376.png
1691392316471173376,1691392316471173376.png
1691392316471173376,1691392316471173376.png
1691392316803906560,1691392316803906560.png
1691392316803906560,1691392316803906560.png
1691392316803906560,1691392316803906560.png
1691392317136939008,1691392317136939008.png
